date,s378,s379,s380,s381,s433,s434,s593,s594
1/4/2016 7:00:00,0,0,0,0,0,0,0,0
1/11/2016 7:00:00,0,-0.002876936,0,0,0.00566951,0,0,0
1/18/2016 7:00:00,-0.014025802,-0.002837286,-0.007018301,-0.010931226,-0.000909435,-0.096221074,0,0
1/25/2016 7:00:00,-0.000156189,-0.003281997,0.000586319,-0.013125768,0,0.005373461,0,0
2/1/2016 7:00:00,0,0.000900731,-0.002001491,0.00412313,0,-0.017741686,0,0
2/8/2016 7:00:00,0,-0.001880916,-0.00050169,-0.007943219,0,-0.006853725,0.00015837,0
2/15/2016 7:00:00,0.00533955,0.004284143,0.002706914,0.017128209,0.024856446,0.006386913,0.008666854,0
2/22/2016 7:00:00,0.010621833,0.00092846,0.005032409,0.007776288,0.073696611,-0.00012377,0.003178754,0
2/29/2016 7:00:00,-0.000898441,-0.00075945,-0.000792958,-0.006065262,-0.007681619,-0.012897066,0.002898312,0
3/7/2016 7:00:00,-0.005890031,-0.00077601,-0.003241312,-0.00348241,-0.040829409,-0.003647955,-0.005644475,0
3/14/2016 8:00:00,-0.000102687,-0.001364282,0.000454838,0.0009146,-0.000716868,0.002553454,0.00085653,0
3/21/2016 8:00:00,-0.001924968,-0.000867636,-0.00241039,-0.003528398,-0.010212881,-0.008253351,0.000195263,0.01323954
3/28/2016 8:00:00,-0.000169656,0.000324746,0.000492868,0.001878725,0.007052368,0.007554263,-0.000622591,-0.004454085
4/4/2016 8:00:00,-0.000934421,-0.002841069,-0.002089306,-0.018810402,-0.009706934,-0.010033803,0.001378409,0.006088907
4/11/2016 8:00:00,0.000486439,-0.004037196,-0.005594198,0.000731977,-0.002218725,-0.06968836,0.000719923,0.030716268
4/18/2016 8:00:00,-0.00016257,0.001511525,0.001162824,0.013875117,0.008552439,0.00754525,0.002301288,-0.017387282
4/25/2016 8:00:00,0.00987051,-0.000252951,0.00194964,-0.00091485,0.004399184,-0.025731404,0.006668144,0.014887552
5/2/2016 8:00:00,-0.003492707,0.007764238,0.005742634,0.0108004,0.044218168,0.155334715,-0.004033143,-0.026248648
5/9/2016 8:00:00,0.001605639,0.001530833,0.001593302,0.006266772,-0.000694532,0.014941062,-0.000172555,-0.001733117
5/16/2016 8:00:00,0.002673726,0.009645082,0.003594785,0.051588486,0,0.025022074,0.000274061,-0.030198781
5/23/2016 8:00:00,-0.000845243,-0.001091975,0.00401724,-0.012702929,-0.005183383,0.114072649,-0.001938496,-0.006077134
5/30/2016 8:00:00,-0.001324688,0.010891313,0.007068644,0.049671843,0.000844854,1.20E-06,0.018846556,-0.011420977
6/6/2016 8:00:00,0.007226,0.002595,0.006922213,0.014173823,0.008492159,0.09192193,0.008549718,-0.003578984
6/13/2016 8:00:00,0.019182791,0.023685627,0.013015068,0.126247016,-0.00011037,-0.001501181,0.01828477,-0.028426963
6/20/2016 8:00:00,-0.005347148,-0.021201848,-0.006851154,-0.112903312,0.005518004,-0.055543149,-0.002538803,0.028644273
6/27/2016 8:00:00,-0.015345731,0.000958819,-0.00420776,0.001939265,-0.101279459,-0.015767942,-0.003633647,0.007698913
7/4/2016 8:00:00,-0.005552129,-0.00671775,-0.002077265,-0.011620903,-0.123525088,-0.002336776,0.003023364,0.012356389
7/11/2016 8:00:00,-0.001780692,0.004204355,-0.006042463,0.005076726,-0.083931011,0,-0.00034449,-0.000177645
7/18/2016 8:00:00,0.001153741,0.001747944,0.002490341,0.009984102,0.026647964,0.004927128,0.000973134,-0.010828243
7/25/2016 8:00:00,-0.001807931,-0.001179061,0.003853866,-0.000710548,-0.002060631,-0.004535474,-0.004066913,-0.002076774
8/1/2016 8:00:00,-0.0016078,-0.008936007,-0.008102944,-0.049639309,-0.0062965,-0.143939046,-0.007232117,0.005208233
8/8/2016 8:00:00,0.0014812,-0.004920656,0.002600326,-0.057424729,0.014831634,-0.010114053,-0.003607345,-0.020835991
8/15/2016 8:00:00,-7.69E-05,-0.005457834,-0.009822931,-0.023701113,-0.00330041,-0.015364246,-0.004894484,0.010782709
8/22/2016 8:00:00,-0.000203879,-0.001375119,-0.0006725,-0.003595831,0.000282543,0.032934992,0.001367139,-0.000312835
8/29/2016 8:00:00,0.001434163,0.001802107,-0.005663075,0.003604368,0.017811891,-0.004754872,-0.000923963,-0.003103331
9/5/2016 8:00:00,-0.000389034,0.001664319,0.006685688,0.001045177,0.057732385,0.00633427,0.005996438,-0.004399259
9/12/2016 8:00:00,-0.002203602,-0.003099599,-0.002988514,-0.023025513,0.000398301,0.003233466,-0.000426462,-0.002845447
9/19/2016 8:00:00,0.00122275,0.000247343,0.000875934,0.01309275,-0.001392176,-0.002327392,-0.002506822,-0.019684657
9/26/2016 8:00:00,-0.00096078,0.000174217,-0.001952095,-0.002602708,-0.013759365,-0.014942549,0.000687748,0.007560439
10/3/2016 8:00:00,-0.000418451,-0.002330572,0.000226005,-0.000802644,0.02084031,-0.001730126,0.000650442,-0.0020573
10/10/2016 8:00:00,2.56E-05,-0.003382423,-0.003607413,-0.000139885,-0.112156825,-0.00376419,0.004892143,0.010726905
10/17/2016 8:00:00,0.0010701,-0.000130483,-0.000507702,-0.001711465,0.012509972,0.019997496,-0.000714789,-0.007447916
10/24/2016 8:00:00,0.000280126,0.000409284,-0.00069542,-0.010226154,-0.002269141,-0.004135568,-0.0035372,0.008474151
10/31/2016 8:00:00,-0.000365265,-0.004146212,-0.002566582,-0.009063113,0,-0.000558617,-0.013834467,0.004085249
11/7/2016 7:00:00,-0.001330883,-0.000303462,-0.000379881,0.00036477,0,-0.002661894,0.005875099,-0.000736393
11/14/2016 7:00:00,-0.004288425,-0.012147923,-0.013722378,-0.019445425,-0.061535952,-0.001229637,-0.003381913,0.00563992
11/21/2016 7:00:00,-2.10E-05,-0.002882821,-0.009743309,-0.005778048,-0.002468927,0.012573898,0.004914642,0.002576779
11/28/2016 7:00:00,-4.97E-05,-0.008043122,0.000571275,-0.011810611,-0.057560721,-0.00987044,-0.002875434,0.017218419
12/5/2016 7:00:00,0,-0.004834986,-0.007374796,-0.005681702,-0.072216315,-0.171563319,0.003314817,0.003065106
12/12/2016 7:00:00,0.003299626,0.001555488,0.006047494,0.027168083,0.031123829,0.023527266,0.002095959,-0.008300974
12/19/2016 7:00:00,0.00216089,0.004438662,-0.000571671,0.008184462,-0.02140419,-5.01E-05,0.002755836,0.007541342
12/26/2016 7:00:00,0.012187192,0.021055691,0.008959023,0.055195501,0.047985785,0,0.017100058,0.005468362
1/2/2017 7:00:00,0.017293412,0.00728359,0.023512621,0.029542225,-0.002939641,0.118491942,0.010555247,-0.035163121
1/9/2017 7:00:00,-0.000894203,-0.016099707,-0.003923252,-0.064241312,0,-0.008318502,-0.012852463,-0.009429375
1/16/2017 7:00:00,-0.000149765,0.002072718,-0.013080778,0.00301293,-0.088052999,-0.091228578,-0.000505703,0.002186269
1/23/2017 7:00:00,0.005978008,-0.000852405,0.008151719,-0.011127032,0.070485117,-0.002676324,-0.002135755,-0.003806368
1/30/2017 7:00:00,0.000212354,0.004377152,-0.00085356,0.008051539,-0.002922298,-0.00040979,0.008778067,-0.001979853
2/6/2017 7:00:00,0.00266966,-0.007448139,0.002270391,-0.029411217,0.044383496,0.029020511,0.008680396,-0.008336427
2/13/2017 7:00:00,-0.004291229,0.004947223,-0.00845098,0.017571471,-0.001759511,-0.045233937,-0.003920549,-0.014704545
2/20/2017 7:00:00,0.001790499,0.000866031,0.003373204,0.00407741,0,0.010863032,0.011272096,0.001767495
2/27/2017 7:00:00,0.001393499,0.014983553,0.007322817,0.026925462,0.11260902,0.109427329,0.004912995,-0.024024936
3/6/2017 7:00:00,0.009584493,-0.005278015,0.015210361,-0.019458287,0.045392855,0.08544423,0.003406655,-0.019530679
3/13/2017 8:00:00,0.005677596,0.05303078,0.015943791,0.105661278,-0.028997686,0.359460885,0.000768363,-0.05133108
3/20/2017 8:00:00,0.019358147,0.002545421,0.017733859,0.011109806,-0.141035404,-0.004132912,-0.010528064,-0.046992096
3/27/2017 8:00:00,-0.001961022,0.018422065,-0.003743728,0.038761639,-0.000812536,0.104109572,-0.007066369,-0.018853708
4/3/2017 8:00:00,0.026516931,0.0053297,0.027944887,0.028647888,0.148627105,-0.001289607,0.010981198,0.010937742
4/10/2017 8:00:00,0.001885721,0.006588522,0.006697635,0.011905403,0.03771139,0.071425872,0.007616674,0.000391419
4/17/2017 8:00:00,0.001089003,0.00758653,0.00567935,-0.001863585,0.08407192,0.110806534,0.002166386,-0.019451719
4/24/2017 8:00:00,0.018386272,0.026929561,0.018695974,0.083153205,-0.002223074,-0.001179399,0.008097917,-0.003073078
5/1/2017 8:00:00,0.022085694,0.031786057,0.031096364,0.127447243,0.01407595,0.193210176,0.013343177,-0.052653576
5/8/2017 8:00:00,0.018195901,0.001992642,0.017027986,0.00809096,-9.52E-05,0.141622545,0.01251651,-0.008700317
5/15/2017 8:00:00,-0.005122355,0.002576907,-0.003909732,0.002226268,0.010664233,-0.044719498,0.001234202,-0.000230705
5/22/2017 8:00:00,0.040328662,0.059709946,0.040622834,0.154881969,0.060500767,0.211042945,0.025564894,-0.120635444
5/29/2017 8:00:00,0.013270835,0.006298623,0.020605991,0.028123844,0.089243785,0.123819904,-0.004863912,-0.01913972
6/5/2017 8:00:00,-0.000465172,0.021262029,0.018121718,0.070361565,0.166456027,0.216078352,0.032205889,-0.016027796
6/12/2017 8:00:00,0.013164666,0.005101963,0.015564824,0.020537599,0.002315309,0.205621109,-0.004956325,-0.044206037
6/19/2017 8:00:00,0.011197769,0.013928607,0.018978942,0.015704181,0.009251454,0.277632183,0.002168785,-0.001904026
6/26/2017 8:00:00,-0.014456271,-0.012277137,-0.019580308,-0.033462737,-0.026055821,-0.1979126,-0.013893486,0.019864378
7/3/2017 8:00:00,-0.000202364,0.004571492,0.004325841,0.008789792,0.109556376,0.082891534,-0.001694907,0.007667116
7/10/2017 8:00:00,0,-0.01722223,-0.016476546,-0.048185216,-0.009202247,-0.001098053,-0.021607486,0.031020252
7/17/2017 8:00:00,0,0.006579116,-0.005152658,0.002564575,-0.010638936,-0.03278834,0.011223128,-0.013222442
7/24/2017 8:00:00,0,-0.006532818,0.016927984,-0.013344619,0.187587436,0.108080669,-0.001146142,0.007925112
7/31/2017 8:00:00,-0.010925933,0.002811704,-0.010491945,-0.00092578,-0.000825332,-0.047698595,0.009099039,-0.007836093
8/7/2017 8:00:00,0.002884783,0.015652019,0.019454875,0.050172802,0.009685474,-0.001031724,0.027951961,-0.030103538
8/14/2017 8:00:00,0.002410305,-0.00055539,0.004202645,-0.002153883,-0.00141676,0.026242261,0.00771294,0.007361915
8/21/2017 8:00:00,-0.000460327,0.020412929,0.012854014,0.038156705,0.003454553,0.014957293,0.004131829,-0.005350812
8/28/2017 8:00:00,0.008940594,0.028630863,0.025501735,0.109961866,0.013472778,0.064603346,0.015722189,-0.011165609
9/4/2017 8:00:00,-0.007021447,-0.00412652,-0.00973276,-0.016457861,-0.000218211,0.00588385,-0.010787833,0.007317883
9/11/2017 8:00:00,-0.000449956,-0.036420758,-0.000437684,-0.121771782,0,0.008803993,-0.006419865,0.004226931
9/18/2017 8:00:00,-8.19E-05,0.005844065,-0.010255075,0.011608809,0,-0.002875029,-0.00898926,0.003279579
9/25/2017 8:00:00,0,0.028872001,-0.001776202,0.115855054,-0.001217153,-0.000703244,0.000389265,-0.000963042
10/2/2017 8:00:00,0.001539697,-0.007616922,0.005721133,-0.030409983,-0.000258744,0,0.003599954,-0.003966552
10/9/2017 8:00:00,0.001879757,0.005870437,-0.004243621,0.042967731,-0.052184928,0.035486289,0.003653974,-0.002597398
10/16/2017 8:00:00,0.022060713,0.001720178,0.012911499,0.014533988,0.165964245,0.064539921,0.011742375,-0.006972646
10/23/2017 8:00:00,-0.009925438,-0.002680413,-0.010883425,-0.001354759,0.012060111,-0.086703832,-0.004319102,0.004318686
10/30/2017 8:00:00,0.000407598,0.001163758,0.007611514,0.036238753,0.035838345,0.053067591,0.006788761,-0.003451867
11/6/2017 7:00:00,0.008299914,0.025388561,0.007013832,0.050272265,0.107062928,-0.005364699,0.003484005,-0.001564984
11/13/2017 7:00:00,0.004938242,0.010391695,0.009613068,0.040564164,0.039861889,-0.002974364,0.004292851,-0.003857642
11/20/2017 7:00:00,0.003530734,0.010891167,0.017789359,0.042956774,-0.000708891,0.104935569,0.013523359,-0.010101771
11/27/2017 7:00:00,0.023982179,0.016836577,0.023814558,0.067362492,0.240221663,0.192858266,0.027967494,-0.018635382
12/4/2017 7:00:00,0.008096797,0.017367288,0.010557606,0.07635207,-0.009519949,0.099482389,0.005229948,0.000835418
12/11/2017 7:00:00,0.029510469,0.064562189,0.029812004,0.21624945,0.179994385,0.532384513,0.07874351,-0.016285983
12/18/2017 7:00:00,0.022044611,0.016245151,0.048339865,0.073912847,0.295468794,0.512608975,0.016087605,-0.016051691
12/25/2017 7:00:00,-0.017478997,-0.018427691,-0.018879454,-0.073686783,-0.000747854,-0.193173996,-0.010272773,0.009102862
1/1/2018 7:00:00,-0.000177909,0.0131527,-0.001588344,0.026017128,-0.014373378,-0.026261818,0.002143813,-0.002199899
1/8/2018 7:00:00,0.011637596,0.001407092,0.023379551,0.012700353,0.104464382,-0.000767711,0.021475578,-0.006556236
1/15/2018 7:00:00,0.003074387,-0.015942131,0.001011139,-0.046823377,-0.023321167,-0.00688087,-0.022871378,-0.010297757
1/22/2018 7:00:00,-0.006956116,0.0001128,-0.024582888,-7.56E-05,-0.157629443,-0.017698106,-0.003106908,0.002053672
1/29/2018 7:00:00,0.005217148,-0.01545954,0.004937734,-0.042680325,0.05815691,-8.36E-05,0.000908308,-0.008561115
2/5/2018 7:00:00,-0.039008626,-0.005308037,-0.038889312,-0.035545383,-0.180325209,0,-0.023921716,0.015270106
2/12/2018 7:00:00,-0.000161051,0.027216099,0.040826648,0.054347932,0.006555038,0,0.009312783,-0.016811774
2/19/2018 7:00:00,0.022047105,-0.010408443,0.021382236,-0.041160585,0.034220657,0.048984859,0.022008485,-0.013890405
2/26/2018 7:00:00,-0.001900169,0.008119337,-0.008154916,0.028734786,-0.000246584,-0.010757917,-0.004097469,-0.002185359
3/5/2018 7:00:00,-0.0033523,-0.019919874,0.000251008,-0.057993897,0,-0.000599566,-0.004822527,0.0067366
3/12/2018 8:00:00,-0.0185304,-0.015987515,-0.022389124,-0.056858266,0,-0.091961539,-0.014354399,0.003584392
3/19/2018 8:00:00,-0.001572151,0.000207009,-0.011456572,0.000262696,0,-0.082188906,-0.010640901,0.000932783
3/26/2018 8:00:00,-0.001199508,-0.024179468,-0.010999429,-0.066839496,-0.108144306,-0.000906748,-0.017636658,0.000977413
4/2/2018 8:00:00,-3.04E-05,-0.002448273,-0.01548227,-0.005125788,-0.188579782,-0.054003955,-0.003217052,0.008437746
4/9/2018 8:00:00,0,0.017197968,-0.003780723,0.042199501,0.032193428,-0.000219034,-0.005699714,-0.003519548
4/16/2018 8:00:00,0.018060649,0.014935302,0.019989995,0.040442359,0.220299831,0.201080244,0.00465602,-0.000743649
4/23/2018 8:00:00,0.025955221,0.012163164,0.026463805,0.048801452,0.095451167,0.146569724,0.022843619,-0.024793388
4/30/2018 8:00:00,-0.000263135,0.004809979,-0.001830007,0.013652901,0.027277461,0.014112568,-0.005143408,0.003999218
5/7/2018 8:00:00,0.005295485,-0.010906038,0.004322618,-0.032579402,0.004648746,0.052381694,5.83E-05,-1.29E-05
5/14/2018 8:00:00,-0.0036707,-0.006142869,-0.006798176,-0.012417495,-5.45E-05,-0.045464928,-0.00606424,-0.003816531
5/21/2018 8:00:00,-3.92E-05,-0.007815917,-0.004254519,-0.021398291,-0.003917756,-0.0008691,-0.005413049,-0.001726292
5/28/2018 8:00:00,-0.018796613,-0.007059465,-0.022404266,-0.014398193,-0.122436542,-0.098368527,0.010998899,-0.004257327
6/4/2018 8:00:00,0.000558371,0.002137408,0.007327498,0.004275697,0.056811783,0.022070656,-0.00893388,-0.001301719
6/11/2018 8:00:00,-0.011346119,-0.014961003,-0.012023042,-0.048496527,-0.094852557,-0.029418074,-0.00669184,-0.008752818
6/18/2018 8:00:00,-0.000109848,0.001750485,-0.001409438,0.003435614,-0.018319543,-0.005402924,0.001368276,-0.007782696
6/25/2018 8:00:00,-0.00550853,-0.016661508,-0.007087686,-0.050556931,-0.137798857,-0.000202062,-0.011261703,-0.008578859
7/2/2018 8:00:00,-0.000110614,0.014194606,0.005641944,0.04720418,0.045031444,0.010164813,-0.011713722,0.025105218
7/9/2018 8:00:00,-0.000519299,-0.008558584,-0.002023571,-0.034122979,-0.000809949,-0.017582965,-0.008246857,-0.000207119
7/16/2018 8:00:00,-1.47E-05,0.015066121,0.002287882,0.029866125,0.022045582,-0.000252499,0.000261312,-0.004818058
7/23/2018 8:00:00,-0.003474374,0.000734518,-0.00063519,0.003273367,-0.000622551,0.068129303,-0.000168369,-0.009398054
7/30/2018 8:00:00,0.001868023,-0.01064409,0.004214528,-0.032128386,0,0.007887435,-0.010335649,-0.005480321
8/6/2018 8:00:00,5.23E-05,-0.011182806,-0.009827448,-0.022617416,-0.098616111,-0.099190865,0.000805101,-0.003061519
8/13/2018 8:00:00,-0.003030244,-0.012366615,-0.024074587,-0.031618845,-0.213298687,-0.000747715,0.013558662,-0.003120167
8/20/2018 8:00:00,-1.25E-05,-0.002507555,-0.001851371,-0.005115275,-0.031480504,-0.007009792,-0.010134921,0.002327379
8/27/2018 8:00:00,0.010494765,0.007574357,0.010119146,0.021916297,0.014188815,0.019211411,-0.021116949,-0.024409755
9/3/2018 8:00:00,0.00943306,-0.006344565,0.009148582,-0.025265387,0.008836862,-0.000323514,0.006772136,-0.003813672
9/10/2018 8:00:00,-0.019923782,-0.006129631,-0.021498199,-0.016515962,-0.24577255,-0.114691416,0.000949473,-0.006010323
9/17/2018 8:00:00,-9.20E-05,0.002244351,-0.004064612,0.004144343,-0.002016829,-0.036835869,0.000794653,-0.00026874
9/24/2018 8:00:00,0.01076796,0.006619593,0.012493021,0.013246684,0.108794645,-0.00090172,-0.007047354,-0.009017804
10/1/2018 8:00:00,-9.28E-05,-0.005699766,-0.00038836,-0.024932085,0.035152154,0.017782287,-0.001633026,-0.004408064
10/8/2018 8:00:00,-0.000381431,-0.012192907,-0.000646779,-0.024510187,-0.01005489,-0.003949977,-0.018350066,-0.021043086
10/15/2018 8:00:00,-0.002036598,0.006189084,-0.005944971,0.018760027,-0.021935303,-0.030284835,0.000481807,-0.00331209
10/22/2018 8:00:00,-5.57E-05,0.000182856,-0.000836627,0.000731661,-0.04606948,-0.00072643,0.000622498,0.001108611
10/29/2018 8:00:00,-0.000685463,-0.004274835,-0.006483797,-0.015783113,-0.0437138,-0.060082406,0.000916296,9.26E-05
11/5/2018 7:00:00,-2.19E-05,0.006029335,0.006209022,0.01195162,0.012322668,0.003527114,-0.00257428,-0.016237827
11/12/2018 7:00:00,-0.000277005,-0.015561767,-0.000556201,-0.062008636,-0.033964784,-0.004279537,0.004289591,0.001855466
11/19/2018 7:00:00,-0.00184094,-0.029345445,-0.028518859,-0.058992312,-0.206822794,-0.113180627,0.002853597,-0.009239575
11/26/2018 7:00:00,-0.004802043,-0.000306447,-0.026057554,-0.000622017,-0.183333211,-0.193921008,0.000699935,-0.016504006
12/3/2018 7:00:00,-2.49E-05,-0.025062315,0.001704359,-0.07894183,0.006153834,0.002555409,-0.020480041,-0.024326274
12/10/2018 7:00:00,-0.001730963,-0.005885754,-0.016413138,-0.012002221,-0.13516125,-0.000126813,-0.012432287,-0.032165985
12/17/2018 7:00:00,-1.17E-05,0.031704252,0.005274749,0.085060386,0.102624144,0.002182781,-0.00094167,-0.021159905
12/24/2018 7:00:00,0.001182836,-0.010505397,0.024566254,-0.041716246,0.273617002,0.334390104,-0.020421026,-0.02967143
12/31/2018 7:00:00,-0.008613705,0.011796556,-0.009798324,0.043172005,-0.074147833,-0.067401985,0.0072021,-0.007235056
1/7/2019 7:00:00,0.007146987,-0.008348152,0.010682469,-0.033186694,0.111911561,-0.000978352,-0.032202651,-0.035586935
1/14/2019 7:00:00,-0.012078282,-0.001390867,-0.012546515,-0.007522157,-0.138305021,0,-0.008340946,-0.007282096
1/21/2019 7:00:00,3.60E-05,-0.001572314,-0.005518032,-0.002147768,-0.035499365,-0.040726916,-0.009005809,0.004799798
1/28/2019 7:00:00,0,-0.006726712,-0.004061696,-0.01368689,0.00325441,-0.00226328,-0.012765024,-0.024214985
2/4/2019 7:00:00,0.000472705,-0.001597115,0.000384628,-0.00319717,0.024424613,-0.000816468,0.003969427,0.009277172
2/11/2019 7:00:00,0.001474392,0.011916828,0.011408488,0.051120853,-0.001025606,0.121252843,0.014564177,-0.035383603
2/18/2019 7:00:00,0.00949254,0.011272043,0.010458498,0.045225015,0.1898197,0.027217517,0.010182445,-0.010189968
2/25/2019 7:00:00,-0.002343869,-0.005079899,-0.004254886,-0.020302563,-0.045936366,-0.026314232,-0.002526208,-0.004715776
3/4/2019 7:00:00,-7.83E-05,0.005281468,-0.004492831,0.010337311,-0.065104847,-0.053546576,0.001723802,-0.001234145
3/11/2019 8:00:00,0.00159838,-0.00061327,0.006077573,-0.006459717,0.081196872,0.029018714,0.004854175,0.01346901
3/18/2019 8:00:00,0.003349857,0.004326693,0.005444275,0.012377393,-0.000571777,0.051276467,0.00242121,-0.053605855
3/25/2019 8:00:00,-0.000483662,0.001200951,-0.000762988,0.004865222,-0.020095241,-0.011450565,-0.001383271,-0.018521861
4/1/2019 8:00:00,0.000569519,0.020137966,0.007845191,0.080567971,0.018294091,0.00011457,0.001125021,-0.003268881
4/8/2019 8:00:00,0.020986036,0.003854992,0.030075282,0.01545582,0.229136675,0.277813818,-0.00383012,-0.034946396
4/15/2019 8:00:00,-0.009492802,0.003424369,-0.010742036,0.013706123,-0.00090353,-0.106095428,0.005873472,-0.004867458
4/22/2019 8:00:00,-0.000107767,-0.011341022,0.003207466,-0.029532905,0,-0.000993034,0.010240843,0.00299652
4/29/2019 8:00:00,-0.000937133,0.007990195,-0.006157911,0.02598228,-0.055153142,-0.012311237,-0.00107773,-0.025398609
5/6/2019 8:00:00,0.002196064,-0.001395604,0.008093366,-0.005384718,0.103036241,0.008883367,0.002842473,-0.014325147
5/13/2019 8:00:00,0.010657033,0.033176144,0.009854867,0.100267137,0.007956596,0.081158146,0.013360766,-0.007064769
5/20/2019 8:00:00,0.015764211,-0.004923095,0.014648967,-0.019406831,0.006536728,0.105999413,0.001732152,-0.001796725
5/27/2019 8:00:00,0.004744193,0.010856836,0.01109422,0.021412628,0.212914771,0.137476156,-0.013776892,-0.020581124
6/3/2019 8:00:00,-0.000570078,-0.002657103,-0.002420786,-0.010323924,-0.001421643,-0.001186875,-0.010031417,-0.015241951
6/10/2019 8:00:00,-0.002433555,0.007152742,0.000280259,0.021235252,0,0.052132861,0.011754613,0.015663516
6/17/2019 8:00:00,0.000315114,0.011401901,0.012537796,0.045806576,0.134097078,-0.001064478,0.002062856,-0.009829978
6/24/2019 8:00:00,0.010449367,-0.00251292,0.010517458,-0.010034742,0.126310884,0.075259923,0.003913517,-0.0195858
7/1/2019 8:00:00,-0.010580142,-0.002230211,-0.010736224,-0.007221685,-0.044043869,-0.040313314,0.006466883,-0.004930295
7/8/2019 8:00:00,-9.51E-05,-0.007378729,0.006335323,-0.033119408,0.043888789,0.052028633,0.000558418,-0.015967797
7/15/2019 8:00:00,-0.014226316,-0.008662017,-0.022169848,-0.028486273,-0.246480182,-0.001964005,0.007462066,0.007771362
7/22/2019 8:00:00,-7.23E-05,-0.005686038,-0.00151075,-0.01149308,-0.040980037,0.012762045,-0.008854117,-0.021760354
7/29/2019 8:00:00,-0.006277735,0.001077886,-0.0064556,0.000956982,-0.06822528,-0.000257544,0.005651322,-0.00401247
8/5/2019 8:00:00,-0.000134919,0.002982723,0.010649887,0.007858507,-0.000845956,0,0.01096984,-0.02470888
8/12/2019 8:00:00,-0.003980061,-0.014282665,-0.008116921,-0.043822309,-0.08671917,-0.06753352,0.000148857,-0.004614666
8/19/2019 8:00:00,-8.15E-05,0.003526188,-0.00511288,0.006942079,-0.00095516,-0.080670612,0.011311961,-0.0067217
8/26/2019 8:00:00,-0.00495472,-0.013240732,-0.000415372,-0.045229228,-0.007318638,-0.001375417,-0.000535233,0.007819112
9/2/2019 8:00:00,-0.002771383,0.007700908,-0.006849332,0.015300529,-0.000199772,2.94E-05,0.007487773,-0.002370745
9/9/2019 8:00:00,-0.000237022,-0.000888779,0.000702136,-0.003045094,0.019276373,-0.000285492,-9.76E-05,-0.006857645
9/16/2019 8:00:00,0.002602156,0.007755258,0.001778454,0.035722554,0.010000229,0.037352323,-0.0002077,-0.006539846
9/23/2019 8:00:00,-0.005285274,-0.026036998,-0.00670066,-0.083646802,-0.000392653,-0.055831574,0.00353815,0.013628046
9/30/2019 8:00:00,-0.000651443,0.001805299,-0.01460105,0.003419335,-0.062936277,-0.128805804,-0.01068336,-0.012144017
10/7/2019 8:00:00,-6.16E-06,0.003069762,-0.001239712,0.011563061,0.018775501,-0.001186528,-0.020235558,-0.018304828
10/14/2019 8:00:00,0,-0.005068135,-0.000318441,-0.020037185,0.017359012,0.012104206,0.0057992,0.001307376
10/21/2019 8:00:00,0,-0.00767336,-0.001615277,-0.015597046,-0.060341005,-0.002578802,-0.000535414,-0.002769258
10/28/2019 8:00:00,0.00444053,0.014925617,0.004753033,0.029863777,0.020989316,-5.75E-05,-0.03282677,-0.057051855
11/4/2019 7:00:00,0.003720503,0.003718187,0.003405241,0.015236086,0.034155611,0.016185924,0.007952872,0.008633566
11/11/2019 7:00:00,-0.001436721,-0.004050132,-0.002873063,-0.016194767,-0.000960265,0.001203718,-0.002860964,-0.000956266
11/18/2019 7:00:00,-0.000108958,-0.013398024,-0.006915593,-0.042190669,-0.001354645,-0.048238383,0.004549469,0.00145846
11/25/2019 7:00:00,0,-0.005539347,-0.016529349,-0.011233605,-1.20E-05,-0.000940738,-0.000170458,-0.002577405
12/2/2019 7:00:00,0,-0.000934244,0.00256626,-0.001772052,0.009954283,0.012003444,-0.006087367,-0.007870844
12/9/2019 7:00:00,0,-0.001140345,0.000882629,-0.002767739,-0.000756149,-0.001275201,-0.00512723,0.003014841
12/16/2019 7:00:00,-0.008193686,-0.007634558,-0.007519409,-0.026164947,-0.081493183,0,-0.002973909,-0.00911862
12/23/2019 7:00:00,0.001114375,0.00173584,0.000224002,0.003556737,0.010088968,-0.008291587,-0.003500169,-0.012335265
12/30/2019 7:00:00,0.002366385,-0.00223792,0.002983751,-0.009958318,-0.012614781,0.001627378,0.004609094,-0.002960208
1/6/2020 7:00:00,0.010939448,0.015888713,0.012304162,0.052786791,0.062602323,0.044929865,0.00234282,-0.008450565
1/13/2020 7:00:00,0.005784661,0.032445461,0.005582162,0.129777672,-0.00098762,-0.000218309,0.001102316,-0.01883429
1/20/2020 7:00:00,0.021055821,-0.003081851,0.024349033,-0.012245509,0.039427885,0.091009237,0.00350932,-0.011270828
1/27/2020 7:00:00,0.001477822,0.024622668,0.004941038,0.086595196,0.018515158,0.019071865,0.002436768,-0.013369101
2/3/2020 7:00:00,0.004354615,0.005317634,0.013819298,0.021430706,0.14095008,-0.001092618,-0.001818934,0.001536906
2/10/2020 7:00:00,0.007362968,0.009828554,0.007294711,0.039330765,-0.001111435,0.050139585,-0.003388664,-0.002438046
2/17/2020 7:00:00,0.000764062,-0.0139871,-0.002012502,-0.055933707,0.066266067,0.054206065,0.003488853,-0.003834261
2/24/2020 7:00:00,-0.000110018,-0.011108228,-0.002114152,-0.022500413,-0.005718767,-0.004816058,0.00598304,-0.014039218
3/2/2020 7:00:00,-0.011608228,0.000858874,-0.012716861,0.001715866,-0.130147394,-0.000474606,0.00051666,-0.001736721
3/9/2020 8:00:00,-0.001472603,-0.051396945,-0.016558191,-0.157191776,-0.148362054,-0.042355879,-0.00037332,0.001369126
3/16/2020 8:00:00,-1.11E-05,0.026512102,-0.038547851,0.052590299,-0.001278982,-0.282875031,-0.003330068,-0.033478006
3/23/2020 8:00:00,0,0.006409827,0.02222085,0.026088036,0.050385033,0.057274542,0.004820158,-0.001200745
3/30/2020 8:00:00,0.000130562,4.98E-05,-0.001297623,-0.001153803,-0.00150803,-0.009667259,-0.005560037,-0.015028993
4/6/2020 8:00:00,-6.76E-05,0.016165456,0.02016813,0.0321332,-0.00042757,0.009425732,0.001047095,-0.014507299
4/13/2020 8:00:00,-0.006317902,-0.004141207,-0.00804765,-0.016293743,-0.067217437,-0.030467425,0.001328725,-0.005892079
4/20/2020 8:00:00,-0.000109931,0.005588314,0.004261477,0.010867868,-0.004918799,0.04793148,0.001683496,-0.007102708
4/27/2020 8:00:00,0.012009245,0.008737357,0.012359827,0.023013628,0.000234976,0.104277942,-0.007979174,-0.019596241
5/4/2020 8:00:00,0.005160078,0.005164328,0.00630102,0.0208949,0.006280236,0.045511781,0.007390483,-0.00533291
5/11/2020 8:00:00,-0.002369042,-0.005537313,-0.00972758,-0.019785042,-0.105140906,-0.087540572,0.00039952,0.042632476
5/18/2020 8:00:00,0.001828964,0.000426851,0.014237707,-0.0029284,0.005565796,0.003194632,0.00393504,-0.020150095
5/25/2020 8:00:00,-0.003360438,0.00828307,-0.00372931,0.025515994,-0.00124274,1.41E-05,0.006912475,0.099937115
6/1/2020 8:00:00,0.00112505,0.00692087,0.012982287,0.014742999,-3.08E-05,0.11874093,0.00511017,0.069882015
6/8/2020 8:00:00,-0.000859758,-0.003540197,0.000950532,-0.014281391,-0.015506785,-0.009303406,-0.002959898,0.072347334
6/15/2020 8:00:00,-0.00201317,0.004166869,-0.00514098,0.01723412,-0.042077614,-0.049548236,0.012410991,0.104183345
6/22/2020 8:00:00,0.000252624,0.000450826,0.00327338,0.003807236,0.041915229,0.006531829,0.002589577,0.092643907
6/29/2020 8:00:00,0,-0.004069042,-0.005469297,-0.014858841,-0.051327477,-0.004467949,-0.005934435,-0.027003828
7/6/2020 8:00:00,0,0.007841087,0.004093957,0.017497438,-0.000221196,0.050397613,-0.001653006,-0.001048245
7/13/2020 8:00:00,0,-0.002713741,0.002630928,-0.01075281,-1.04E-05,-0.008700208,-0.00277143,-0.011913963
7/20/2020 8:00:00,-0.000509476,0.008319035,-0.003141843,0.023264969,0,-0.032568766,0.000457241,-0.00173507
7/27/2020 8:00:00,0.013233205,0.016295765,0.022775671,0.065270026,0.034106706,0.054708859,0.012021089,-0.015054011
8/3/2020 8:00:00,0.008667924,0.012723181,0.009765744,0.050924242,0.15398924,0.041740897,0.002420545,-0.005951326
8/10/2020 8:00:00,0.002779633,-0.001986756,0.003062022,-0.005532523,0.003441847,0.008744074,-0.00077827,0.006477029
8/17/2020 8:00:00,-0.000102962,0.001349563,0.00468153,0.002405192,0.031204989,0.123734871,-0.032302394,-0.029434537
8/24/2020 8:00:00,-0.004819305,-0.009011534,-0.005564082,-0.029309174,-0.053474886,-0.000861205,0.01115366,0.02082988
8/31/2020 8:00:00,-0.000324123,-0.010311935,-0.000729886,-0.020776838,0.011725696,-0.010386298,-0.038887334,-0.049630195
9/7/2020 8:00:00,-0.0148192,0.00368765,-0.01631973,0.018991982,-0.032730993,-0.000683552,-0.024361227,-0.032950068
9/14/2020 8:00:00,-0.000170022,0.0040803,0.00475792,0.010132338,-0.00015041,0.004971985,0.025777742,0.01997458
9/21/2020 8:00:00,-0.005585842,-0.006052324,-0.008028404,-0.01202668,-0.096559176,-0.000736432,0.005699319,-0.004861043
9/28/2020 8:00:00,0.000580372,0.00505935,0.004071756,0.009748603,0.012845386,0.036927502,-0.001358393,-0.010285912
10/5/2020 8:00:00,0.004836944,0.001105369,0.007041642,0.00297423,-0.001318453,-0.002112745,-0.000347649,-0.017768074
10/12/2020 8:00:00,0.001083667,0.006034084,0.007784738,0.023016337,0.035300578,0.009078964,0.003940811,-0.001184577
10/19/2020 8:00:00,-0.003184205,0.004757712,-0.004736639,0.014710166,-0.030944377,-0.004432649,0.001786428,-0.015980017
10/26/2020 8:00:00,0.002542993,-0.004588804,0.005046978,-0.008505168,0.122681415,0.049184666,0.010436111,-0.008038004
11/2/2020 7:00:00,-0.003096402,0.003191898,-0.005787,0.021723228,-0.001127792,-0.014060915,0.007195549,-0.006197873
11/9/2020 7:00:00,0.006952303,0.003476549,0.007021152,0.016645336,0.050739571,0.005200064,0.008835507,0.019270824
11/16/2020 7:00:00,0.008906037,0.010891183,0.009199222,0.039259322,0.170971929,0.050118681,0.009426633,-0.003905393
11/23/2020 7:00:00,0.007230789,0.001832406,0.018997185,0.007350575,-0.001394831,0.007518403,-0.017011185,-0.001145282
11/30/2020 7:00:00,0.001777664,0.013297424,0.001207714,0.053202626,0.003648616,0.010443262,0.010337724,-0.002411056
12/7/2020 7:00:00,-0.000676976,-0.009399164,-0.003293316,-0.03756991,-0.000321809,-0.034799897,0.002157271,-0.004137244
12/14/2020 7:00:00,0.000893514,0.019068151,-0.000834717,0.03787071,0,-0.000956301,0.00085416,-0.001759002
12/21/2020 7:00:00,0.005479381,-0.003985421,0.007131398,-0.015589975,0.193636865,0,0.02260325,-0.004620758
12/28/2020 7:00:00,0.004539431,0.009252902,0.012338722,0.042440616,0.08350816,0.196698306,0.017970691,-0.000782317
1/4/2021 7:00:00,0.017242433,0.026806064,0.01282461,0.107482579,-0.000472687,0.003027047,0.028873234,0.005853113
1/11/2021 7:00:00,0.002709005,0.013023969,0.013938371,-0.00223637,0,0.025382441,-0.006311668,0.012311941
1/18/2021 7:00:00,0.009942109,-0.016381374,0.008503523,-0.052569331,0.126579611,0.095027026,0.008872412,0.014045806
1/25/2021 7:00:00,-0.000222913,0.007426946,-0.008428543,0.031165271,-0.065597339,-0.001174622,-0.003348587,-0.005107371
2/1/2021 7:00:00,0.000382251,0.008471417,0.00127696,0.038999021,0.019387876,-0.001555457,-0.004181268,0.03644002
2/8/2021 7:00:00,0.022223468,0.034371116,0.022561335,0.137707777,0.324342102,0.259144045,-0.014673047,-0.030896634
2/15/2021 7:00:00,0.007874585,0.020193063,0.032829866,0.080858292,0.024106056,0.113773387,-0.007165718,-0.008803163
2/22/2021 7:00:00,0.002251623,-0.022131682,-0.000582731,-0.088494134,0.091903782,-0.001726266,0.004353076,-0.011683364
3/1/2021 7:00:00,-0.008880514,0.002543493,-0.01146327,0.004998353,-0.076139497,-0.098613972,-0.007053899,0.006303525
3/8/2021 7:00:00,-0.000746745,0.014365685,0.005981142,0.057784045,0.009778409,0.062895572,0.003952354,-0.004240661
3/15/2021 8:00:00,0.002931973,-0.001719536,0.002698534,-0.006855102,0.000475107,0.005880982,0.000757846,0.009134094
3/22/2021 8:00:00,-0.003532436,-0.010915551,-0.003681893,-0.030656701,-1.78E-05,-0.06140983,-0.019030187,-0.006408126
3/29/2021 8:00:00,0.000376426,0.022449613,0.006798332,0.04475715,0.020688433,0.040491845,-0.004921053,0.014538505
4/5/2021 8:00:00,0.01628861,0.011662987,0.017223406,0.0471296,0.023703029,0.08376025,-0.077715952,-0.068919213
4/12/2021 8:00:00,0.011076216,0.027427657,0.010649991,0.101504338,0.008577833,0.000519642,-0.00853586,-0.026737701
4/19/2021 8:00:00,0.006641827,-0.003881716,0.014361894,-0.015401588,0.001149958,-0.032541728,0.004080113,-0.002949969
4/26/2021 8:00:00,0.001689812,0.00766837,0.003453448,0.028525366,-0.000242034,-0.009872334,0.00931989,-0.004596448
5/3/2021 8:00:00,-5.93E-05,0.065509773,0.021200965,0.262278841,0.049984294,0.226217058,0.016236665,0.007525302
5/10/2021 8:00:00,0.025779107,-0.041797473,0.023663224,-0.13672761,-0.020515474,-0.103645182,0.011917457,-0.005601399
5/17/2021 8:00:00,7.49E-05,-0.027918521,-0.019256827,-0.088824375,-0.194295179,-0.188000773,-0.015375871,-0.014669606
5/24/2021 8:00:00,0,-0.002993997,-0.0239968,-0.019027099,-0.006305369,-0.177977765,0.012431831,-0.006229389
5/31/2021 8:00:00,0.019998697,0.005472287,0.011373907,0.012899073,0.107332631,-0.019257382,0.003124954,-0.000100675
6/7/2021 8:00:00,-0.007164366,-0.011475303,-0.01187509,-0.054680539,-0.086627724,0,-0.003816567,-0.009355212
6/14/2021 8:00:00,0.011302923,-0.003165636,0.004965344,-0.022409493,-0.001241821,-0.004661522,0.010621695,-0.003149786
6/21/2021 8:00:00,-0.000107518,-0.01789873,-0.019341164,-0.07148673,-0.024448819,-0.012081281,0.003650941,-0.012849416
6/28/2021 8:00:00,0,0.006799783,-0.003152951,0.013361478,-0.105323474,-0.000120171,-0.017917408,-0.043124431
7/5/2021 8:00:00,0,-0.007524682,0.004302787,-0.014974962,0.018877033,0.043043288,0.007845132,0.022911468
7/12/2021 8:00:00,-0.003462281,-0.007232811,-0.00533238,-0.026725662,-0.000934631,-0.025295648,-0.004934764,-0.016680027
7/19/2021 8:00:00,-0.001432369,-5.07E-05,-0.012061027,-0.000242283,-0.111523229,-0.032331855,-0.006230934,-0.020774536
7/26/2021 8:00:00,0.000563516,0.017209229,0.016832942,0.056750573,0.050543657,0.050020256,-0.001571224,0.007770177
8/2/2021 8:00:00,0.008142256,0.007008801,0.009067193,0.028262183,0.007292524,0.068251816,-0.009487592,-0.015411448
8/9/2021 8:00:00,0.013250119,0.012865087,0.016616185,0.040499324,-7.24E-05,0.068437554,0.007234202,-0.00862969
,,,,,,,,
