"","2016-01-04 19:00:00","2016-01-11 19:00:00","2016-01-18 19:00:00","2016-01-25 19:00:00","2016-02-01 19:00:00","2016-02-08 19:00:00","2016-02-15 19:00:00","2016-02-22 19:00:00","2016-02-29 19:00:00","2016-03-07 19:00:00","2016-03-14 20:00:00","2016-03-21 20:00:00","2016-03-28 20:00:00","2016-04-04 20:00:00","2016-04-11 20:00:00","2016-04-18 20:00:00","2016-04-25 20:00:00","2016-05-02 20:00:00","2016-05-09 20:00:00","2016-05-16 20:00:00","2016-05-23 20:00:00","2016-05-30 20:00:00","2016-06-06 20:00:00","2016-06-13 20:00:00","2016-06-20 20:00:00","2016-06-27 20:00:00","2016-07-04 20:00:00","2016-07-11 20:00:00","2016-07-18 20:00:00","2016-07-25 20:00:00","2016-08-01 20:00:00","2016-08-08 20:00:00","2016-08-15 20:00:00","2016-08-22 20:00:00","2016-08-29 20:00:00","2016-09-05 20:00:00","2016-09-12 20:00:00","2016-09-19 20:00:00","2016-09-26 20:00:00","2016-10-03 20:00:00","2016-10-10 20:00:00","2016-10-17 20:00:00","2016-10-24 20:00:00","2016-10-31 20:00:00","2016-11-07 19:00:00","2016-11-14 19:00:00","2016-11-21 19:00:00","2016-11-28 19:00:00","2016-12-05 19:00:00","2016-12-12 19:00:00","2016-12-19 19:00:00","2016-12-26 19:00:00","2017-01-02 19:00:00","2017-01-09 19:00:00","2017-01-16 19:00:00","2017-01-23 19:00:00","2017-01-30 19:00:00","2017-02-06 19:00:00","2017-02-13 19:00:00","2017-02-20 19:00:00","2017-02-27 19:00:00","2017-03-06 19:00:00","2017-03-13 20:00:00","2017-03-20 20:00:00","2017-03-27 20:00:00","2017-04-03 20:00:00","2017-04-10 20:00:00","2017-04-17 20:00:00","2017-04-24 20:00:00","2017-05-01 20:00:00","2017-05-08 20:00:00","2017-05-15 20:00:00","2017-05-22 20:00:00","2017-05-29 20:00:00","2017-06-05 20:00:00","2017-06-12 20:00:00","2017-06-19 20:00:00","2017-06-26 20:00:00","2017-07-03 20:00:00","2017-07-10 20:00:00","2017-07-17 20:00:00","2017-07-24 20:00:00","2017-07-31 20:00:00","2017-08-07 20:00:00","2017-08-14 20:00:00","2017-08-21 20:00:00","2017-08-28 20:00:00","2017-09-04 20:00:00","2017-09-11 20:00:00","2017-09-18 20:00:00","2017-09-25 20:00:00","2017-10-02 20:00:00","2017-10-09 20:00:00","2017-10-16 20:00:00","2017-10-23 20:00:00","2017-10-30 20:00:00","2017-11-06 19:00:00","2017-11-13 19:00:00","2017-11-20 19:00:00","2017-11-27 19:00:00","2017-12-04 19:00:00","2017-12-11 19:00:00","2017-12-18 19:00:00","2017-12-25 19:00:00","2018-01-01 19:00:00","2018-01-08 19:00:00","2018-01-15 19:00:00","2018-01-22 19:00:00","2018-01-29 19:00:00","2018-02-05 19:00:00","2018-02-12 19:00:00","2018-02-19 19:00:00","2018-02-26 19:00:00","2018-03-05 19:00:00","2018-03-12 20:00:00","2018-03-19 20:00:00","2018-03-26 20:00:00","2018-04-02 20:00:00","2018-04-09 20:00:00","2018-04-16 20:00:00","2018-04-23 20:00:00","2018-04-30 20:00:00","2018-05-07 20:00:00","2018-05-14 20:00:00","2018-05-21 20:00:00","2018-05-28 20:00:00","2018-06-04 20:00:00","2018-06-11 20:00:00","2018-06-18 20:00:00","2018-06-25 20:00:00","2018-07-02 20:00:00","2018-07-09 20:00:00","2018-07-16 20:00:00","2018-07-23 20:00:00","2018-07-30 20:00:00","2018-08-06 20:00:00","2018-08-13 20:00:00","2018-08-20 20:00:00","2018-08-27 20:00:00","2018-09-03 20:00:00","2018-09-10 20:00:00","2018-09-17 20:00:00","2018-09-24 20:00:00","2018-10-01 20:00:00","2018-10-08 20:00:00","2018-10-15 20:00:00","2018-10-22 20:00:00","2018-10-29 20:00:00","2018-11-05 19:00:00","2018-11-12 19:00:00","2018-11-19 19:00:00","2018-11-26 19:00:00","2018-12-03 19:00:00","2018-12-10 19:00:00","2018-12-17 19:00:00","2018-12-24 19:00:00","2018-12-31 19:00:00","2019-01-07 19:00:00","2019-01-14 19:00:00","2019-01-21 19:00:00","2019-01-28 19:00:00","2019-02-04 19:00:00","2019-02-11 19:00:00","2019-02-18 19:00:00","2019-02-25 19:00:00","2019-03-04 19:00:00","2019-03-11 20:00:00","2019-03-18 20:00:00","2019-03-25 20:00:00","2019-04-01 20:00:00","2019-04-08 20:00:00","2019-04-15 20:00:00","2019-04-22 20:00:00","2019-04-29 20:00:00","2019-05-06 20:00:00","2019-05-13 20:00:00","2019-05-20 20:00:00","2019-05-27 20:00:00","2019-06-03 20:00:00","2019-06-10 20:00:00","2019-06-17 20:00:00","2019-06-24 20:00:00","2019-07-01 20:00:00","2019-07-08 20:00:00","2019-07-15 20:00:00","2019-07-22 20:00:00","2019-07-29 20:00:00","2019-08-05 20:00:00","2019-08-12 20:00:00","2019-08-19 20:00:00","2019-08-26 20:00:00","2019-09-02 20:00:00","2019-09-09 20:00:00","2019-09-16 20:00:00","2019-09-23 20:00:00","2019-09-30 20:00:00","2019-10-07 20:00:00","2019-10-14 20:00:00","2019-10-21 20:00:00","2019-10-28 20:00:00","2019-11-04 19:00:00","2019-11-11 19:00:00","2019-11-18 19:00:00","2019-11-25 19:00:00","2019-12-02 19:00:00","2019-12-09 19:00:00","2019-12-16 19:00:00","2019-12-23 19:00:00","2019-12-30 19:00:00","2020-01-06 19:00:00","2020-01-13 19:00:00","2020-01-20 19:00:00","2020-01-27 19:00:00","2020-02-03 19:00:00","2020-02-10 19:00:00","2020-02-17 19:00:00","2020-02-24 19:00:00","2020-03-02 19:00:00","2020-03-09 20:00:00","2020-03-16 20:00:00","2020-03-23 20:00:00","2020-03-30 20:00:00","2020-04-06 20:00:00","2020-04-13 20:00:00","2020-04-20 20:00:00","2020-04-27 20:00:00","2020-05-04 20:00:00","2020-05-11 20:00:00","2020-05-18 20:00:00","2020-05-25 20:00:00","2020-06-01 20:00:00","2020-06-08 20:00:00","2020-06-15 20:00:00","2020-06-22 20:00:00","2020-06-29 20:00:00","2020-07-06 20:00:00","2020-07-13 20:00:00","2020-07-20 20:00:00","2020-07-27 20:00:00","2020-08-03 20:00:00","2020-08-10 20:00:00","2020-08-17 20:00:00","2020-08-24 20:00:00","2020-08-31 20:00:00","2020-09-07 20:00:00","2020-09-14 20:00:00","2020-09-21 20:00:00","2020-09-28 20:00:00","2020-10-05 20:00:00","2020-10-12 20:00:00","2020-10-19 20:00:00","2020-10-26 20:00:00","2020-11-02 19:00:00","2020-11-09 19:00:00","2020-11-16 19:00:00","2020-11-23 19:00:00","2020-11-30 19:00:00","2020-12-07 19:00:00","2020-12-14 19:00:00","2020-12-21 19:00:00","2020-12-28 19:00:00","2021-01-04 19:00:00","2021-01-11 19:00:00","2021-01-18 19:00:00","2021-01-25 19:00:00","2021-02-01 19:00:00","2021-02-08 19:00:00","2021-02-15 19:00:00","2021-02-22 19:00:00","2021-03-01 19:00:00","2021-03-08 19:00:00","2021-03-15 20:00:00","2021-03-22 20:00:00","2021-03-29 20:00:00","2021-04-05 20:00:00","2021-04-12 20:00:00","2021-04-19 20:00:00","2021-04-26 20:00:00","2021-05-03 20:00:00","2021-05-10 20:00:00","2021-05-17 20:00:00","2021-05-24 20:00:00","2021-05-31 20:00:00","2021-06-07 20:00:00","2021-06-14 20:00:00","2021-06-21 20:00:00","2021-06-28 20:00:00","2021-07-05 20:00:00","2021-07-12 20:00:00","2021-07-19 20:00:00","2021-07-26 20:00:00","2021-08-02 20:00:00","2021-08-09 20:00:00","2021-08-16 20:00:00"
"s594_ETH_RR",0,0,0,0,0,0,0,0,0,0,0,0.01289539,-0.00446007311771849,0.00625834383140344,0.0307151506295536,-0.0175265949179623,0.0150576636064333,-0.0267590554825657,-0.00149621885536139,-0.0302888235947109,-0.00593935989155961,-0.011157215843829,-0.00358362750850845,-0.0285602123442928,0.0286348100711349,0.0077158064594817,0.0124514854360945,-0.000321363001360548,-0.0108392522654929,-0.00193734988500802,0,-0.0206854769322231,0.0107900365737938,-0.00020852860455603,-0.00304301777349782,-0.00469106144950635,-0.00268348661383754,-0.0198762310104119,0.00789389165187489,-0.00218252635049956,0.010655426475093,-0.00745165395758012,0.00836567337038315,0.00446674688928558,-0.000918257618404852,0.00550735885584044,0.00272864490528838,0.01711591894225,0.00299069540000646,-0.00827871937359968,0.00759878531284921,0.00546453687069668,-0.0349898920621721,-0.00963280976407373,0.00214370312181082,-0.00381637861413095,-0.00206620084757595,-0.00797071598279877,-0.0147994569967254,0.00173994284759743,-0.0240611404005603,-0.0196801124514465,-0.0496041360953339,-0.0486902657855361,-0.0187011593564352,0.0110176695652568,0.000281369202348007,-0.0193377876451264,-0.00303293079318747,-0.0530049761769698,-0.00857929175821919,7.60614565882568e-05,-0.0488533070559982,-0.0180027216435015,-0.00884450002917884,-0.0243179979904684,0.00506652375815536,0.00975538951528582,0.00221088735318841,0.0149527337683969,-0.010702633531398,0.00547289231168627,-0.00632999185407444,-0.0171139831897609,0.00165448101230146,-0.00363761765058927,-0.00733458415266456,0.0059679208178863,0.00270080935201362,0.00144684560546335,-0.00101633675794384,-0.000484065850654651,-0.00114126408058121,-0.00226572001109376,0.00235453626011483,-0.0010683638732524,0.00153583695418663,-0.00597849955447859,-0.00327811949443399,-0.0119968153673936,0.00119859107750724,-0.0165355961837606,-0.0107182950220207,0.0024739457791371,-0.00599838843193952,-0.0206215429542741,0.00856793264199207,0.00145569443223392,-0.00415476710250623,0.0114922860834118,-0.00323832514380804,-0.00233625293796892,0.000528182923527421,0.00271706756525054,0.00649812429330083,0.00808426087844581,0.0081750940762133,0.00305433082670624,-5.34660161122251e-05,-0.00914322509365404,-0.0170829286929041,0.00186267882974177,-0.00499382139946613,0.00236339339526587,0.003871018466302,0.00478732655976752,-0.00322364191295776,0.00805953978896585,-0.0037280329475143,0.00807720608222185,-6.58778761125197e-06,4.94586706553676e-06,-1.24365169841905e-05,2.96834148354666e-06,7.62258242139203e-06,9.63202627396117e-06,2.03425157100722e-05,-9.94733576771849e-07,-4.17868416232766e-06,2.47685947109241e-06,2.65103205465922e-05,-9.60354447181569e-06,-3.99885205380169e-06,-2.33700080534624e-06,-1.0466592168839e-06,4.15867704304338e-06,2.98017307623195e-06,2.93222589690655e-06,-8.868559133163e-06,3.45557283075401e-06,2.58148375369264e-05,1.18205095060239e-05,4.514031042995e-07,1.42131992915541e-05,-1.23914327039999e-05,-2.12957918495788e-05,-6.68328990897195e-06,-4.03876345246009e-06,1.40937833903648e-05,1.49005303724331e-06,8.2571984943719e-06,-1.77765988866691e-06,-1.07219047693673e-05,-1.28472486780861e-05,3.38363166375388e-06,-4.79379487236196e-07,1.77370495356035e-06,-3.01609203758847e-06,3.06004432955979e-06,-1.62669221681204e-05,-5.1454166451265e-06,3.71926051653529e-06,-1.6379067028638e-06,-3.19592074425018e-08,-2.77246134114605e-06,-1.70343053814448e-05,-1.31834346451929e-05,-5.27344338013697e-06,8.06601388771204e-06,-1.23845672930823e-06,-6.24822168900313e-06,-1.44660819058033e-05,5.36543193867334e-06,-3.9870977993877e-06,2.61199893260212e-05,-5.28937941064431e-06,7.59053930444246e-07,-6.03647167482628e-06,5.36134605494611e-06,4.26668173476443e-06,3.50361789911049e-06,2.97227204556466e-06,-4.99372179410465e-07,-1.18890587820061e-05,1.49533857860627e-05,-4.62217703670129e-06,-2.24917692313722e-06,-1.99749732366863e-08,3.61147522617415e-06,-8.6251624489972e-06,5.47317020584832e-07,6.5917707267544e-07,4.16679535603167e-06,1.17972151637904e-05,-8.38938692824943e-08,7.79014565211985e-07,1.20926936005991e-05,-3.32375269623144e-06,-9.74757636201909e-07,-7.86997711188129e-06,-1.15334024032851e-05,-2.07339968323309e-06,-3.0521785015182e-06,-5.59700933528865e-06,-1.8728712793377e-05,-1.45342007782255e-05,9.0290739897112e-06,6.66787098508059e-06,7.33500868768244e-06,2.99870214445801e-05,-1.37666103481483e-05,2.6926358422433e-06,-1.67430362452003e-05,2.57282173161181e-06,-5.53315051308986e-06,-1.05909481392087e-05,-3.26401217356837e-06,5.05384195427342e-06,-8.33779830349401e-06,4.17492662906606e-06,-1.29122550543517e-05,-1.18257328220151e-06,2.21732752621199e-06,-2.47301386545784e-06,4.83417476136986e-06,-4.37071208528969e-06,-4.51455780750498e-07,-1.7059442963245e-06,-2.04394049368198e-05,-1.61648793402093e-05,1.81787913844278e-06,-8.11052295112953e-06,6.19281405672844e-06,-1.67404711021748e-05,1.94895907127133e-05,-5.44563231319193e-06,3.55985679659562e-06,7.51123114941948e-07,3.47194413028225e-06,-8.17042703745032e-06,2.1894526157752e-06,-6.65624100632529e-06,2.39722160093e-06,-1.16584597715523e-05,-4.92633601396273e-06,-1.71243959232389e-05,1.79797249833544e-06,3.58794755677854e-06,-4.46294325312733e-06,-5.71754726764375e-06,-1.03403891906505e-05,-3.49970654847082e-05,3.08068065280002e-06,-2.19402922854636e-05,-1.55835034340213e-07,-8.30720735251019e-06,-1.28545012311475e-05,-7.03270531276453e-07,8.72695409314215e-06,4.063752224826e-06,-2.00909175554532e-05,2.62529793835418e-06,5.67814090802586e-06,-8.15953405905033e-06,-1.12284416218475e-05,-7.17669309303952e-06,-1.25473151654722e-06,-1.23555245774724e-05,-8.63938363168009e-06,-2.46915877234154e-05,1.09134797109314e-05,2.86720477353772e-05,6.473503219892e-07,-3.12486187631599e-06,-1.20279586177956e-06,9.03496582906044e-06,1.06932110206594e-05,-1.33024360380102e-05,1.27951237040721e-05,1.73822848103055e-06,-1.80815406998014e-05,-7.23674305195295e-06,-1.98921963638074e-05,-3.15691999541058e-07
"s594_FUN_RR",0,0,0,0,0,0,0,0,0,0,0,0,0,0,0,0,0,0,0,0,0,0,0,0,0,0,0,0,0,0,0,0,0,0,0,0,0,0,0,0,0,0,0,0,0,0,0,0,0,0,0,0,0,0,0,0,0,0,0,0,0,0,0,0,0,0,0,0,0,0,0,0,0,0,0,0,0,0,0,0,0,0,0,0,0,0,0,0,0,0,0,0,0,0,0,0,0,0,0,0,0,0,0,0,0,0,-0.0157930825,0.00448829907761738,-0.00472367242690736,-0.0109263168645129,-0.00136991147320771,0.00251815007044228,-0.00274684070904153,0.000527841441966784,-0.00634035291241824,-0.00392881279357575,-0.00404794727219011,-0.00366880084398182,-0.00319034602121925,0.0105678528337212,0.00838531418357456,-0.00246733278235074,0.00538750065964716,-0.00632745909439753,-0.003854843037366,-0.00633529335632605,-0.000644674192694679,-0.00934586208496098,-0.000307805603268236,-0.00629138834607323,0.010791609002213,-0.0046995864422393,0.00433401930974822,-0.00323246473137422,-0.005026433462951,-0.00531394095506018,-0.0097598535195604,0.00445616905373732,0.000423935312203656,-0.00122920031152429,-0.0102236310632786,0.00353120182387336,0.000886004823553151,-0.00144064103750746,-0.0018396313380689,-0.00219945621578666,-0.00221612148665615,-3.78244340394862e-05,-0.00259082703311466,-0.00411925670121257,-0.0190850553388948,-0.0100373232470799,2.30100852613656e-05,-0.00816294928261216,5.74644510123182e-06,0.00201736861861121,-0.00206300049833586,0.00230907564285082,-0.00487288458676417,0.00774853164215105,-0.00906389468302383,0.000665361916176331,-0.000833002842052964,0.000339101024468409,-0.00203677789214897,0.00111078414111833,-0.000454008093744197,0.00230090265095338,-0.00282971738825152,0.00692249202189562,-0.00154672020380338,-0.00668956620764556,0.00320039759330651,-0.00401140993064042,-0.00175531114216664,-0.00354786227879187,0.000359932667115997,-0.000611180579116133,-0.0061959093636247,-3.51073542429569e-05,-0.00326535655442473,-0.00485484915920358,-0.0109677774542319,-0.00813872008332264,-0.0145440074893424,-0.010057568529084,-0.0101621755389135,-0.0135428870517488,-0.00723954450544094,-0.0116000724442022,0.00805803285957435,-0.00470520349921268,-5.90122038775258e-05,0.00592314875452263,-0.0079737698099003,0.00211245465559637,-0.00285893894636299,-0.00457325999978023,-0.00454349762656575,-0.00842883124228911,0.000314489985267194,-0.000819000014612372,-0.00289835637935038,0,0,0,-0.00730781591692144,4.82544015311633e-05,-0.0017307100662083,-0.0043230782009247,-0.00812342587043178,-0.00173146766435088,-0.00134215303151316,-0.00116485372683261,0.00235271182467818,0.000447440889502672,-0.0149521482597978,-0.00977854223514363,-0.00998330801324774,-0.0304849616187132,0.0151442475429973,-0.0115248781054943,-0.000739755316925434,-0.0114367993214884,-0.00605713253000538,-0.00784281431866637,-0.00133006486900403,0.0011933386687259,0.0230620405576066,0.0704443477314973,0.0485649077940796,0.0556074259838162,0.0576009891913444,0.0267291357681268,-0.0113868838430093,-0.0037470633870569,-0.00550548294521919,0,0,0,0,0,0,0,0,0,0,0,0,0,0,0,0,0,0,0,0,0,0,0,0,0,0,0.00896534020849412,-0.00092453347296375,0.0361844135097762,-0.00603708707769867,-0.00618026952797864,-0.00818401004674594,0.00158047412938876,0.00394835609247818,-0.000961210024845755,-0.000883288246976148,0.00597871451296973,0.0031486135226469,-0.00478468020245574,-0.00491342757726994,-0.00463797943386951,0.00331724118616742,-0.0011556637994972,-0.00821946650644183,-0.00938212978052384,-0.00179382712848431,-0.00369556218839525,0.00111333976504798,-0.0127524404040515,-0.00467789661316527,-0.00514243940904935,-0.0141111743607273,-0.00997289527255401,0.00107728877890883,-0.0032331756193873,0.00100059569970139,0.00381386179164769
"s594_TRX_RR",0,0,0,0,0,0,0,0,0,0,0,0,0,0,0,0,0,0,0,0,0,0,0,0,0,0,0,0,0,0,0,0,0,0,0,0,0,0,0,0,0,0,0,0,0,0,0,0,0,0,0,0,0,0,0,0,0,0,0,0,0,0,0,0,0,0,0,0,0,0,0,0,0,0,0,0,0,0,0,0,0,0,0,0,0,0,0,0,0,0,0,0,0,0,0,0,0,0,0,0,0,0,0,0,0,0,0,0,0,0,0,0,0,0,0,0,0,0,0,0,0,0,0,0,0,0,0,0,0,0,-0.00342992750000008,0.013505944410146,-0.0196858519582583,0.00328801125593157,0.0106550166935941,0.0181102319853879,0.0319995641230254,-0.012994067442625,-0.0289948850307337,0.00538593238624701,0.0262942533228154,-0.00578027281777601,-0.0107100438495824,-0.00398526577935213,-0.0189583223930168,0.00404455558677719,0.00471837517472165,0.00575188665316225,-0.0118600051236024,0.00971927744037555,0.0357432164690139,0.0141714243545716,-0.0205745050935126,0.00656435283148405,-0.0142084810965298,-0.0357078190373171,0.00138007839579206,-0.0340397856825538,0.00752751079606718,-0.0084833864415748,-0.0040996958292698,0.00321886436120901,0.00584418747617697,-0.00221428462278417,0.0019995364301073,0.00112699696129142,0.00630309997167823,-0.00229743151780954,0.00148455453993748,-0.0200267632061666,-0.0112311944922867,0.00971069767523465,0.0094973485942253,-0.00249470670171964,-0.00133993637291761,-0.0102173980690704,-0.00458147535929107,-0.0227805558902695,-0.00103747273532711,0.0104978016396632,-0.00677539386516389,-0.0162204975271018,0.0161494042788379,-0.00740193890698487,0.0385691816252512,-0.0163420191551573,0.0079797196591049,0.000968980983336524,0.00516266123143273,0.0136665246750993,-0.000590570306382135,0.00897571397580657,0.00119608773006369,-0.00741302331906545,0.0240135875684282,-0.0120507315566133,-0.0213787227502054,0.00692760519416284,0.00253829577929251,-0.0462790575945334,0.00910156239758772,0.000197281564025705,0.0124689943852434,0.00911401975413312,-0.000315001406098198,0.00665384891756972,0.0113223774592565,-0.00892515342656319,0.00148789521363008,-0.00808926529181804,-0.0167410889789686,-0.0044011783971876,-0.00804320892846796,-0.00360587684433816,-0.0186319833776715,0.000251761067243676,0.0159509639437891,0.00815970944098908,0.0120858382535238,0.0329915182839542,-0.0150400212213142,-0.00114681869945609,-0.0150170144932895,0.00589746853202125,-0.000661585868267008,-0.022666075796224,-0.00423314882380366,0.00781885937198861,-0.00325018506625127,0.0104921750526512,-0.00596323664531839,-0.0041836857734615,0.0133696668266976,-0.000983517262092931,0.000457967307110738,-0.00551670213351587,-0.00302635876063692,-0.000271973159940425,-0.00890701071595171,-0.00665963841195018,0.000934517382949986,-0.0434648947584905,0.019521003928391,-0.0512234930984445,-0.00173744612165743,0.0202489042233644,0.00975612715085669,-0.00553436914241635,0.00248720478992224,-0.0051853613023062,0.00303718413235904,-0.00417189791107353,0.0091477986605954,-0.00196592043267167,-0.00694031123247364,-0.0328504094671104,0.0134353487674278,0.00771406224458623,-0.00503814084401859,0.0010509987123883,0.00399542430708675,-0.00355042826582195,-0.000797608284038436,-0.00712687222584099,0.00329970604522001,-0.0128639664900432,-0.0391290523504191,-0.0131470760078744,0.0131914679238245,-0.0047046088622462,-0.0138148146284369,0.00137958626523992,-0.0122590080242855,-0.0130499448269898,-0.0875641946892939,-0.0181135714674375,0.0086235228073429,0.00482595164016259,-0.00151911062572039,3.90359775637905e-06,0.00816581297066294,0.0454398776248062,-0.0120169202627685,-0.000834383273673663,0.000727661781386263,0.00519334715253764,0.00285106493303116,0.00143353271844983,0.00840352097969545,0.00599404096668811,-0.00579750176066831,-0.0104801347963562,-0.0157993445396759,-0.0199945476081292
"s593_TRX_RR",0,0,0,0,0,0,0,0,0,0,0,0,0,0,0,0,0,0,0,0,0,0,0,0,0,0,0,0,0,0,0,0,0,0,0,0,0,0,0,0,0,0,0,0,0,0,0,0,0,0,0,0,0,0,0,0,0,0,0,0,0,0,0,0,0,0,0,0,0,0,0,0,0,0,0,0,0,0,0,0,0,0,0,0,0,0,0,0,0,0,0,0,0,0,0,0,0,0,0,0,0,0,0,0,0,0,0,0,0,0,0,0,0,0,0,0,0,0,0,0,0,0,0,0,0,0,0,0,0,0,0,0,0,0,0,0.01813089,0.0320359619969885,-0.0130089745593231,-0.0290275507267089,0.00539185347997209,0.026323148649867,-0.00578671421896803,-0.0107214852272432,-0.00398943065952695,-0.0189780496694275,0.00404878410321595,0.0047233367486812,0.0057580539130879,-0.0118731772084657,0.00972958026207671,0.0357804012932015,0.0141861214256303,-0.0205956433169874,0.00657147944029112,-0.0142249124196752,-0.0357507814127257,0.0013816436574663,-0.0340780616785792,0.00753599162639196,-0.00849302641280401,-0.00410434885419236,0.00322255830024758,0.00585085975854612,-0.00221679824197349,0.00200180697054502,0.00112827395114498,0.00631020108203452,-0.00230033377200593,0.00148645660994434,-0.0200524086855304,-0.0112456878168808,0.00972333988261907,0.00950966406594202,-0.00249792955449825,-0.00134164138137777,-0.0102298169561905,-0.00458702747453364,-0.0228075644000936,-0.0010387142746706,0.0105103931614884,-0.00678370644316998,-0.0162399851110204,0.0161690065442401,-0.00741085564208929,0.0386155403202256,-0.0163618626499305,0.00798971538559792,0.000970185608005678,0.00516916866385123,0.0136835330464272,-0.000591305902894387,0.00898681330516934,0.00119755723978954,-0.00742214343044929,0.0240426106345807,-0.0120652051835329,-0.0214041994162247,0.00693576988198196,0.00254125581711404,-0.0463334232099878,0.00911205931824266,0.000197508714100603,0.0124846323941448,0.00912555596739858,-0.000315397244752474,0.00666219990362527,0.0113355318993558,-0.00893540504503522,0.00148959505531696,-0.00810000766686674,-0.0167623052847181,-0.00440665952226766,-0.00805320874992918,-0.00361029634426948,-0.0186529713399607,0.000252053407968245,0.0159691694157001,0.00816983680691788,0.0121005090129699,0.0330311652155555,-0.0150598641475375,-0.00114805594966761,-0.0150334302062004,0.00590393507356268,-0.000662316086628192,-0.0226926554191066,-0.00423810935851325,0.00782793407149548,-0.00325396742179733,0.0105044338701956,-0.00597020940545859,-0.00418845002883643,0.0133849494425217,-0.000984658903190439,0.000458550798870934,-0.00552374849710131,-0.00303024484335934,-0.000272321852142469,-0.00891731736533724,-0.00666736921375703,0.000935612084768602,-0.0435151184411903,0.0195465716000183,-0.0512919421502713,-0.00173978792104122,0.0202760600566702,0.00976938486565996,-0.00554192403847201,0.0024905255383296,-0.00519229266902722,0.00304135185928939,-0.00417767875857409,0.00916052087831969,-0.00196888114935421,-0.00695047170516117,-0.0328992948097759,0.0134565608911852,0.00772616697301885,-0.00504613852962103,0.00105270589864551,0.00400180170700778,-0.00355614667294323,-0.000798977408847168,-0.00713820213707308,0.00330499212173026,-0.0128850499329554,-0.0391932409381354,-0.0131688405904735,0.0132135235414583,-0.00471249154071991,-0.0138379677489035,0.00138190537009552,-0.0122795651543429,-0.0130716144306427,-0.0877110727452075,-0.0181426579992554,0.00863667687490942,0.00483355513693252,-0.00152174822768593,3.91055031057446e-06,0.00818027235681217,0.0455197611862175,-0.0120376855326072,-0.000835827489064562,0.00072892134569821,0.00520241063591131,0.00285604346488766,0.00143601186222347,0,0,0,0,0,0
"s434_BTC_RR",0,0,-0.0400760349999999,0.00307595716708664,-0.017441086560776,-0.000203319891472272,0.00807348320651982,0,-0.00129656485664778,0,0.000558056833467736,0,0.00214214100170241,0,0.00195785311254105,0,0.0309216862537495,0,0.00389193667713004,0,-0.00164420138160626,0.0412316517742462,0.0105687696660582,0,0.00762472042669744,-0.0168964926119843,0,0,0,-0.00434463798304257,0,-0.0173813862770007,-0.00062027454011706,0.00429554732616304,-0.00189707726852525,0,-0.000209447212252061,-0.000952041114856634,0,0,0.00559383619861343,0.0149172258578419,0,0.000605875101576103,0.00016076342043888,0,0.0129600546003041,-0.00289232891848009,0.000246976617596901,0.000497948132272252,0,0,0,0,-0.0175034777671149,0,0.00185630213385694,0.0289289611552893,-0.00241781536677378,0,0.00542310648706138,0.0184825408673437,-0.000892785601458913,-0.000842929832836931,2.322126736429e-06,0,0,0.00179193153067849,0,0.0201496175992526,0.0182778239031648,0.00271404450940882,0.0209893453921399,0,0.0301185730433535,0,0,0,0,0,0,0.0985272086540767,0,0,0,-0.0244654414885347,0.0024994025767135,0,-0.0010106054019165,0,0,0,0.0349774308023235,0.0704542897272112,0.0121706285256717,0.00845366075401017,0,-0.0205615056088248,0,0.101837137831005,0.0240079452451606,0.0781024411688803,0.0167286844508847,-0.0107728752208879,0,0,-0.015446803867608,0,0,0,0,0.0486572915736247,0,0,-0.0922160255227469,-0.0410746923202289,0,0,0,0,0.0428151178174695,0.0098555125987616,0.00543656953889558,0,0,0,0,-0.0216182612092148,-0.00528320172151848,0,0,0.00088742995038619,0.000185252343308486,0.0819312790555268,0,-0.0450059889413554,0,0,0,0,-0.0534217214104322,0,0,0.000134302394414173,0,0.00157567049328518,0,-0.00211665903804314,0,-0.0038202141041235,0,0,0,0,0.0020891137029119,0.0224695957529053,-0.0334601564660428,0,0,-0.0177974787928254,-0.00172918162091411,-0.000929382770792709,0.00814955780037459,0.00574496677225307,-0.00914760365500569,-0.000141514884820286,0.00107780970534637,0,-0.00571751588840213,0.000433424178633631,0.100660001971366,-0.00662593029536663,0,0.000570100326450685,0,0.0807818855178451,0.00743325968092871,0.0175547670700091,0,-0.00173357417773582,0,0.0421238712359641,-0.00590367983966334,0.0523257162763983,0,0,0,0,-0.0161309826038113,-0.00258078289702352,0,-0.000255762226519926,0,-0.000735180054272469,-0.00604646139762327,-0.00386161428993048,0,0,0,0,0.0118821100985965,0,-0.0275566580538875,0,0.00338852529974126,0,0,0.0042495313988817,0,0,0.000386688227777678,0.0199462380072471,0.00154241604210517,0,0.0146237069721517,-0.000987083885265786,0,0,-0.00567260303763358,-0.0281807745393839,0,0,0.00964053140136368,-0.0160155416340393,0,0.0628755587451094,0,-0.00869629056569676,0.00445217154974325,0,0,0,0,0.00498994278954191,0,0.000419403429676518,-0.00275113637585675,-0.00179772407793743,0,0.00780057266188629,0.00274167874621202,0.000533868564906967,0,0,0,0.00346664427384892,0,0.00195822456387237,0,0.00942013858589121,0,0,0.00757306495652525,0,0.0392404333439026,0,0.0179142790741964,0,0,0,0.0365074218034626,0,0.0405652244510105,0.00471622750925592,0,0,0.0605848714484764,0.00408290447351476,0,0,0.0120375082072913,0,-0.00346758984187703,0.00441807154468748,0,0,-0.036404296991471,0,0,-0.00280570674665152,-0.0952278096428048,0,0,0,0,0,0,0,-0.0106684767091415,0,0,0.00520549825411785,0.0265445029733807,-0.00140736640635339
"s434_ETH_RR",0,0,0,0,0,0,0,0,0,0,0,-0.00850410999999997,-0.00727102358437415,0,-0.071205251986032,0.00828923361208516,-0.06853962870439,0.155080970373989,-0.0291606773217022,0.0261127394882497,0.11743427008547,-0.03891767437924,0.0726140050030459,0,-0.0638033225280633,0.0730219055378397,0,0,0.00456345924581929,0,-0.145537374862208,0.00728643594371827,0,0,0,0.00608333826427048,0.0021905853470091,0,-0.0164545277997723,0,-0.00893990029347071,0.00508644879871599,-0.00385660175610574,0,0,0,0,0,-0.152106183917397,0,0,0,0.0980264472924518,0,-0.0185264577297273,0.00831511510477639,-0.000404252123320252,0,-0.00010593458641434,0.00853099885779199,0.112225572885439,0.0358420877030185,0.356158782706798,0,0.102312734820088,0,-0.00265801185522754,0,0,0.141525200199646,0.0546903647683321,0.0095210284454789,0.220715435520311,0.114447809169085,0.147520707995071,0.205470534814044,-0.0263746850447877,-0.141331950428589,0.033837389638194,0,0,0,0,0,0.0299091177842237,0.0267647681407712,0.0623523948833009,0,0.000180632863559712,-0.00228854594829174,0,0,0,0,-0.0393380786757355,0.0420882096316981,0,0.0171391920120714,0.0235144718803415,0.0906733736763008,-0.00383886435754019,0.0323628538518887,0.0993705448303525,-0.0268332086179913,0.0194700652594412,0,0.0421885072355901,-0.0161981616316453,0,0,0,0,0,0,0,-0.0396700774854038,0,-0.0541903269448937,0,0.200072538568257,0.0421698456967072,0.0127051870106114,0.00166069028020167,-0.0199911236118772,0,-0.0986116864810457,0,-0.00776218939431375,0,0,0.00987834129297919,0,0,-0.0148045943688508,0.00742275240681528,-0.0542150791850296,0,0,0.0191065393940478,0,0,-0.00016403535241954,0,0,0,-0.0323413901852998,0,-0.00827372891999224,0.00486864117573019,0,0,-0.191393952030962,0,0,0,0.298340958294452,-0.00794377504681299,0,0,-0.0234860533555147,0,0,0,0,-0.0147752148780776,-0.0549775779737946,0.0282585206726431,0.015518173702995,-0.00485252750826952,0,0.084996023429434,-0.0253993858228672,0,-0.0131728195622006,0,0,0.0821389692479457,0.0318076091854036,0,-0.00428269715316028,0,0.0279283566681217,0,0,-0.001301093543878,0,0,0,-0.00166184427997473,-0.00656423737896664,0,0,0,0.0126075525818696,0,0,0,0.0117295200804189,0,0,0,0,-0.0141625608488921,0,0.00828263932953994,0,0,-0.0179312002841998,0.00278432288266325,0,0,0.0701921129610365,0.00492483849124718,0,0,0.0601540336225311,-0.00415030164517654,0,-0.0370446435656515,0,0.0585650667004872,-0.00955413269037643,0,0,0.0536978877696466,0,0.0033266220908288,-0.00951433236600786,0,0,0.101914536255585,0.0053653280949549,-0.00889258247425896,0,-0.00433267822717762,0.0328800297173574,-0.00492533721523595,-0.000880465047482019,0,0,0.00825034961618263,0,0,0,0,0,0,0.016399262780754,-0.00147395354567562,0,-0.00448018414332755,0.0217793758438635,0,0,0.0100640133766563,0.00830127962006617,0,-0.0241988027895484,0,0,0.0505934754057501,0,0.0106922581412468,0.0518157314546757,0,0,0.0422202147980621,0.00354006994583753,0,-0.00569135315454387,0.0509132950326078,0,-0.0150689827264587,0.0022230308264243,0.0842720761915968,0.0010359880524044,0.00306171020879657,0.0201094644117007,0.0756781773366473,0,-0.0331825081123775,-0.0306008156507077,0,0,-0.00509727507289646,0,0,0.0410622117962803,-0.00500649338496255,0,0,0.0630549684032769,0.0420627467063146,-0.00147361068005013
"s434_LTC_RR",0,0,-0.0750384449999999,0.00408629145672976,0,-0.0119222688638776,0,0,-0.0163860966723917,0,0.00426354493208413,0,0.0161249048958526,-0.00972278351334769,0,-0.00014750457535374,0.0193284609840057,0,0.0738407777455831,0,-0.0141263202242627,0,0.033006412292619,0,0,-0.139263806470396,0,0,0,0,0,0,-0.0584551493378407,0.0273593424742176,0,0,0,0,0,0,-0.00204550615840658,0,0.000372019001424668,0,-0.02372688986259,-0.00225569986109407,0,-0.01364168900271,0,0.0184161279158132,0,0,0.0601176640017051,-0.0170517349959831,-0.0750334477001354,-0.0118789217452225,0,0,-0.0464575156173927,0.00193503003834162,0,0.0286161017065846,0.0345634187441343,0,0.00138593672756282,0,0.129339866820022,0.125337938361518,0,0.0416812792434576,0.228639493812781,-0.0822977393334167,-0.0506410877455097,0.0216156904346763,0.104768169160618,0,0.470008826173786,-0.122434484064687,0.0886800872797713,0,-0.0386561611116323,0.0167135936356174,-0.0504730096972481,0,-0.00641052196906279,0.0198856592177796,0,0.0120077000692404,0.00981247257266417,0,0,0,0,0,-0.0914995766551633,0.0065651480522145,-0.00538135475063662,0,0.0957772788715266,0,0.100361629038785,0.645219153084598,0.503764206165228,-0.225677757657954,-0.0723219090556455,0,-0.0554354522639828,0,0,0,0,0,-0.0164346331554931,0,0,-0.00236936038205926,0,0,0,0,0.0747806214861878,-0.0130679556248926,0.046037545835521,-0.0695031081663927,0,0,0.0247883784611396,0,0,0,0,-0.0356749529515036,0,0,0.0016997680410412,0,0,-0.0274016626077731,0,0,-0.0728742021020947,-0.0382819723053289,0,0.021638528462461,-0.00956391828134416,0,0,-0.0628754713390649,0,-0.00138242668318389,-0.163168788565552,-0.0119621480957518,0.00975225324375426,0,0,0.0425100556977491,-0.0315609207031405,0,0,0,0,0,0.173320891424992,0.076486430919805,-0.00412493668125281,0.00471780183142247,0,0.0673615148750798,0,0,0.141041877789282,-0.0971652956885475,0,0,0.0140189927593555,0,0.0225995358105833,0.159499411384541,0,0.128079468961286,0,0.00540546608658912,-0.0599768083445011,-0.000843463688767892,0,0.0215002311574894,0,0,-0.0517556395098072,-0.0855572194660415,0,0,0,0.0284664662961773,-0.0684219732934594,-0.135524159000573,0,0,-0.00460386229988997,0,0.00510762506543947,0.00132457298629194,-0.0115200581812008,0,-0.00202258785755332,0,0,0.00807106366180736,0,0.0508819700305479,0,0,0.0180491356502032,0,0.0358660589942811,-0.00751751841347651,0,0,0,-0.278244056186348,0,0,0,-0.0331382560492427,-0.0213357339904048,0.0424491859195761,0.0451620760466053,-0.0768566770997965,0,0,0.0551355928219113,-0.0276503440769871,-0.0491780664340067,0,0,0.0418967893572696,0,-0.0328687703215354,0.147240977093785,0.0333258502935064,-0.00379600006948021,0.132685444550322,0,-0.0111205243166259,0,0.00123587426643714,0,0.0331909509688656,0,0,0,0.103671376632557,-0.0326194474135074,0.00837393345109613,0,0,-0.0108418051857902,-0.0308191924981193,0,0,0.151095245544944,0.0148154702427475,-0.038129973202048,0.0609959014114553,0,-0.00284049575271623,0.186802340154778,0.162520664491566,-0.00208198855062634,-0.0975883297516784,0,0.0191966073418212,-0.0584448621571608,0.03474010622636,0,0,0,-0.0344210343137238,0.0575629319807008,0,-0.0767889153287096,-0.186953432570493,0,0,0,-0.0922321281870383,0,0.00244350412477196,-0.0107542658445863,-0.0518150691800113,0.0508522186960936,0,0,0
"s433_BTC_RR",0,0,0,0,0,0,0,0,-0.00458965500000011,-0.040466758460301,0,-0.00955040574793791,0,0,0,0,0,0,0,0,0,0,0,0,0.0397167964141044,-0.0974890037585689,0,0,0,0,0,0,0,0,0,0,0,0,0,0,0,0,0,0,0,0,0,0,0,0.0294835106079239,0.0085771882601224,0,0,0,-0.043397034860794,0.0720609427359823,0,0,0,0,0,0,-0.0295478139523732,-0.14023014920446,0,0.130172640485448,0,0,0,0,0,0,0,0,0.160558755092071,0.0318218985771617,0,0,0,0,0,0.184588273217193,0,0,0,0,0,0,0,0,0,0,0,0.179052070743018,0,0.0265979472532042,0.107678128013772,0,0,0,0,0,0,0,0,0,0,-0.157854739066452,0.0211063414449841,0,0,0,0,0,0,0,0,0,0,0,0.0944675036460847,0.0272955153370754,0,0,0,-0.122978198934336,0.0409476291725855,0,0,0,0.045149891418518,0,0,0,0,0,0,0,0,0,0,0,0,0,0,0,0,0,0,0,-0.1967115178676,-0.183475509012587,0.00542286814706064,-0.0333694157806954,0,0,0,0,0,0,0,0,0,0,0,0,0,0,0,0,0.227814339718978,0,0,0,0,0,0,0,0,0,0.127136508856873,0.12649558560882,0,0,0,-0.0401790634301886,-0.0674389382039585,0,0,0,0,0,0,0,0,0,0,0,0,0,0,0,0,0,0,0,0,0,-0.011993898285147,0.0508619258643242,0,0,0,0,0,0,0,0,0,0,0,0,0,0,0,0,0,0,0,0,0,0,0,0,0,0,0,0,0,0,0,0,0,0,0,0,0,0,0,0,0,0,0,0,0,0,0,0,0,0,0,0,0,0,0,0,0.31454353350949,0.0240971360841765,0.0922508410652777,-0.0698583084425941,0,0,0,0,0.0200856444209745,0.00854333685646135,0,0,0.0358416947732959,-0.0131952736953379,-0.171810222557702,0,0.0445749634953807,0,0,0,0,0,0,0,0,0,0,0
"s433_ETH_RR",0,0,0,0,0,0,0,0,0,0,0,0,-0.00737538749999999,0,0,0.0101109169303414,0,0.0436528441369974,0,0,0,0,0.00839155302854661,0,-0.035871539196446,0.00168855817511098,-0.137193839301371,-0.0450819184811421,0.0265537114933908,0,0,0.0135530375676036,-0.00137885739742497,0,-4.35293852551093e-06,0.0565127503984698,0.00202741824509563,0,-0.0153517128416803,0.023124616288652,-0.110382726985976,0.0123464095305082,0,0,0,-0.0638625578103898,0,-0.0480054064829429,0,0.00268068685136278,-0.0306398677732175,-0.0244465534559437,0,0,0,0,-0.00131771369896112,0.0426765745093673,0,0,0.116805939547657,0,0,0,0,0,-0.00413445130249877,0.0839194525666369,0,0.0138007827039501,0,0.00956864410370017,0.111625613011758,0.0883653339570622,0,0,-0.0171796713570686,-0.0260272897901852,0,-0.00789311390506926,-0.010792247244093,0.00216362542191898,0,0,0,0.00112055333028506,0.0133395808075269,0,0,0,-0.0014744167893829,0,0,0,0,0.00812026022809484,-0.000494560057890772,0,0,0.11246723464518,-0.00884290057927247,0,0,0,0.0326982698244421,0,0,0,0.0369756727543963,0,0,0.00445994854965672,0,0,0,0,-0.0971431907464112,-0.188293390594094,0.0320787679422255,0.220088527933821,0.000817564840397152,0,0.00546607193874092,0,0,0,0.0122205563500783,-0.0684558341159192,-0.0180715080997981,-0.0389657942936486,0,0,0,0,0,-0.0475885964397244,-0.0131103770524857,0,0.00528162155262944,0.000284306646772782,-0.245815932537447,-0.00174574319144078,0.0265958584569023,0.000520491040226855,-0.00370019218745663,-0.021338822126901,-0.00930704344828601,-0.0436539805765198,0.0130209015264419,0.00139590846279384,-0.0101123953950569,0,-0.0018084286054584,-0.0435393717986507,0.0271753852334288,0.218635510493314,-0.00569929046550748,0,-0.0908601613877929,-0.0347868521682101,0,0.00461997138034407,0,0.188581718499516,-0.00532816996132287,-0.0660160861382607,0,0,-0.011082178244893,0,0.00140669912127235,0,0,0,0.0834885013169931,0.00482715051349817,0,0.0138527866586894,0,0,0.00259122884464242,0,0,0.0434342047598536,-0.165148128163428,-0.000606661306977902,-0.000738057242629899,0,-0.0749605931542237,0,0,0,0,0,0,-0.0635239454202322,0,0.0212873553102606,-0.0601086188039354,0.0213058113456534,0,-0.000310283662353366,0,0,0.00917412443870167,0,0,-0.000121212527801324,0,0.0103339721297949,0,0.0390706068833262,0.00718298108715788,0.044954988296391,0,0.06563733445524,-0.00590101280710323,-0.0808684057557021,-0.034324213024649,0,0,0,0,0,0,0.000386412532393104,0,0,0.00708562224822563,0,0,0,0,0.0383359307686527,-0.0510594405087802,0.000559545731188526,0,0,0,0.132688601001349,0.00639143936460949,0.0318696417006178,0,0.021582600911008,-0.0319001949727547,0,0,0.013481074862241,-0.00137123149071701,0,-0.0118328245886919,0.00867734587335101,0,0,0.007882835136293,0,0.00332143663446443,0,0,0,0.0841468192437904,0,0,0.103387793273689,0.00765243618934086,0.0200300873507508,0,0,-0.000460028831721089,0,0,0,0,0,0,0,0.00183607341921823,0,0.0023264791792456,0.00285039219082089,-0.0170414475829038,-0.00713711296492229,0.00207909626024682,0.0162982419672508,0,0,-0.0713174985742571,0.000403706741935953,0,-0.0366090320569271,0.00306180671902169,0.00608921791541801,0,0
"s433_LTC_RR",0,0.00475491750000003,0,0,0,0,0.021925739915575,0.0725486215205759,-0.000260956205565481,0,0,-0.00161712280674784,0.012827973109907,-0.00896339660862231,-0.00256525580897797,0,0.00487591921667883,0,0,0,-0.00586058501556328,0.00151509919596069,0,0,4.16738268722357e-05,-0.00546471998019604,0.0120325192100895,-0.037552030338332,0,0,-0.00706518464418478,0,0,0.000349746505719056,0.0139742231282428,0.00209257883585768,0,0,0,-0.00442135176909504,-0.000818295988833995,0.00050420220171879,0,0,0,0,0,-0.0123184603922074,-0.0722586035744035,0.000954693776573971,-3.77988308521152e-05,0.07126567061244,0,0,-0.044506409867558,-0.00364892390026719,0,0,0,0,0,0.0384506128819908,0.00208241459757777,-0.000990140303785221,0.000173003623976912,0.0176984240591023,0.0407919881447261,0,0,0.00017942904484695,0,0,-0.0522119697320709,0,0.00800105925417887,-0.00174081381696585,0,0,0.108276649411805,0,0,0,0,0.00955866423131234,-0.00140766176782018,0.00234701846026332,0,0,0,0,0,0,-0.0530769806173703,0.00206824066322409,0,0,0,0.0400620818084266,0,0.126192040940881,0,0.179902852308051,0.294749158129606,0,-0.0482159601430381,0.10442202307545,-0.0227798423697938,0,0,-0.180332018004111,0.00764538487374125,0.0295239298621233,0,0,0,0,-0.0117169907650503,0,0,0,0,0,0,0,-0.0039559035846448,0,0.00344479583693094,-0.0263016258070404,0,-0.0989910637200611,0,0,0.0213961207414139,0,0,-0.0517590349612148,-0.200160266858055,-0.0314554662528664,0.00969529868258838,0.00848936082255649,0,0,0.0813757796967197,0.0348617875998901,-0.00635969208411891,0,-0.0372851284096116,0,0,-0.0360426038245001,0,0,0.00247064573390089,-0.0584896409915785,0.0755479073655121,0.0545615092210142,-0.0681265396770276,0.112608620827084,-0.0478953672929738,0,0.00290362905771074,0.0194834662521002,0,0,-0.0406425531318878,0.000977816973656982,0.0816227359771126,0,-0.00990658848608058,0.0182278997626513,0,0,0,-0.0557643029450018,0.0190783802254511,0.00399684890051259,0.00646808854229745,0.197625472385231,0,0,0.00319546826210566,0,-0.0437731660973032,0,-0.0812793458201237,0,0,0,-0.0125337755122864,0,-0.00751806131061598,0,0.0186395769887908,0.0102390555507455,0,0,0.0184054012411654,-0.00392522457166022,0,0,0.0338986480767921,8.88521578024805e-05,-0.00127620227737607,0,0,0,-0.0822898075440561,0.00953981535367204,0,0.00129879449683515,0,0,0.010497837337243,0.0959567030289968,0,0,0,-0.0495512703716606,-0.114175417201122,0,0.0497699745267304,-0.00134135879620681,0,-0.0682635429218206,-0.0039700585249136,0,0.00606045870339716,-0.10623327859409,0,-0.00137111293485425,0,-0.0144625952946649,-0.0420159100800287,0.00129325764834254,0,0,0,0,0.0339368873773971,0.0200861323591765,-0.00290242527956079,0,-0.0537830053880965,-0.0101430767228821,0,0,-0.0974949451132676,0,0,0.0352699103743323,-0.0196230243041661,0.113892049184468,0,0.0500242094726932,0.16225461233679,0,0,0,0,0.192201555524995,0,0,0,0.0218238309544631,-0.0733945867995823,0,0.0091677563583531,0,0,-0.00611133813539684,0.010499820545297,0.000626094185418016,0,0.0200581162729051,0.0033083206661496,0,0,0,0,0,-0.005364610199523,0,0.0118076501994891,-0.060144651218149,0,-0.0246814303646359,-0.03825386664323,0.0184999672388709,0,-0.0393752785877703,0.00699688456706829,0.00125634320783941,0,0
"s381_ETH_RR",0,0,0,0,0,0,0,0,0,0,0,0,0.00107925,0.00175614468085324,-0.0180339424753541,0,0,-0.0176456248109043,0.0174447570126231,0.00446322778082949,0.0608799794358775,-0.0239607156839352,0,0.00620751427928951,0.0566120764344734,-0.0454707407483967,-0.00681786008333961,0,0,0.0117305524928743,0.0021029609352005,-0.042619609281537,0.00608439449366296,-0.01576034781115,0.00273387666601643,0.00579047143277384,-0.00601879615858431,-0.00139665678975911,0.0164726487440558,-0.00364588473842913,-0.00255550685351,-0.00181944970080273,0.000360073010438776,-0.00710680957485572,-0.00152693627091228,-0.000992749689932109,-0.00160342864933843,-0.00225956998907605,-0.00226381168426932,-0.00125185253007693,-0.00120244952535218,-0.00319327700797373,0.00759841827756153,0.0150931807819463,-0.00419395640250169,0.00224764978632231,0.000502848885694408,0.00122792380049323,0.000565505434565186,0.0144744779982665,0.00136800209871433,0.0106914766708581,-0.00553303829023971,0.0511559100749948,-0.00299284953214709,0.00477894388372143,-0.0127711618191614,0.00409616896673896,0.00166053236538853,0.00498505604716091,0.0303530294648564,-0.00702302273340362,0.0016930915561174,0.0706667283420219,0.0218122122770321,0.0158675811073475,0.0208664697876135,-0.00481714705294243,0,-0.00249526377845357,-0.00381238086498522,0.00309866418183198,-0.00368080881183445,0.003212413210842,0.0219295648623507,0.000563104198782531,0.00856262809667319,0.0130691127325151,-0.00926306876235845,-0.00840203093706811,0.00501032423212273,0.0116750970122993,-0.00178029804297357,0.000727608943493806,0.00101093229240644,-0.00230716996532099,-0.00110896371471126,0.00449767025603943,0.00345647470537313,0.0154618119910406,0.0043059986729313,-0.00292850007990215,0,0.0100520024900374,-0.00652019290851172,0.0105794985581617,0.0142857102903059,-0.0088214218323563,0.00171566210031117,-0.00109856719551826,-0.0324476494793417,0.00446758189147475,-0.00891895281258317,0.00134048098735327,-0.0139446752601049,-0.00380933576633066,-0.00392010122930227,0.014265498550132,-0.000338229184709827,0.00877627923668773,0.010964738821309,0.0109173805237745,0.0123227978751046,-0.0073660524857222,-0.00261885737361983,-0.00298605243014634,-0.00147482796215299,0.00156819628198404,-0.0107070586127024,0.000316410790764551,-0.0168730929830974,0.00329394406260671,-0.00532796083435189,0.00283511183112069,-0.00103368434162601,-0.00790070009996954,-0.00391980307119724,-0.00635206333830686,-0.00133599547761863,0.00082810457450898,-0.012852325987237,-0.00248917951049688,0.00212176909723596,0.000556750324945347,-0.000797770487622507,-0.00473096731995721,0.00529967647997653,-0.000910308885829334,-0.000344904010294972,0.00206734308222222,-0.00906032222263377,-0.0105170386152502,-0.00210301026451851,-0.00563355097889856,-0.00154831548506728,0.00855792071011991,-7.69547275077326e-05,0.0282342874948652,-0.0101274806947547,-0.0024515382628962,-0.00154040480813553,-0.0030170040306444,-0.000924240366598048,0.00467192966660765,0.0138406547113261,-0.00468200811646706,0.000378426712566409,-0.00280080582639164,0.000371926945097114,0.00144857699669622,0.00858115506910885,0.0027657859454351,0.00367981100038079,-0.00833671567398309,0.00278499560301496,0.00146911605258544,0.0387063583790644,-0.00483649442839683,0.00115901454390031,-0.00130143572328688,0.000486903815192652,0.00461824296253336,0.00521233035141366,-0.00314990282767357,-0.00373541586843456,-0.0134567042434365,-0.00100143047566681,-0.000314776812978355,0.000304334166390659,-0.0127762151844786,0.000346192565876383,-0.00340394033244344,0.000845062819640729,0.00279972070143307,0.021734912391803,-0.0173552260959991,0.00165527273510524,0.00690295428297297,-0.00515461302276352,-0.00315614540262927,0.00444291867016261,0.00117418850393964,-0.000702817966371537,-0.0126213688237132,-0.00222195527322643,-0.0005434496787942,-0.000871033416721244,-0.00351730942460869,-0.000652599431858297,0.000147188269078306,0.00539681197347035,0.0125354125681972,-0.000651803482222093,0.00980060882303701,0.0099188065890448,0.0171977573945469,-0.0028212118277083,-0.00392456207759647,0.000171536147550898,-0.0157164829394452,0.00816620849961969,0.000923576640020828,0,0.00654078585341534,0.00085617236789513,0.0024921651638969,0.00810333474451095,0.00169945854313347,-0.00109311601362972,8.8142317372379e-05,0.00761175424860891,0.00706288880180656,0.000321496655265217,0.000197499054758785,4.63560179547861e-05,-0.00280915316957983,0.00200901426564137,-0.00244484508688474,0.00438576484850519,0.0142400933423646,0.0115892891064642,0.00526109032477956,-0.000737232130587691,-0.00242994383825769,-0.000208741156049068,-0.0026851522932099,0.000940310858031454,-0.00176003711651412,0.000287224654550881,-0.000469448813979802,0.00120363790443343,0.00654368450689833,-0.00509750380991648,0.00183468980486542,0.0108195934816332,0.00121438532563712,0.00692247674873774,0.0119415076180178,-0.0063428248207909,0.00484391880945764,-0.00321924438455704,0.0059580249338059,0.0436737195915087,0.000321676076335107,-0.00163890785652006,0.0191568664804338,0.0296715011891897,0.00783688313969503,0.00544598040519811,-0.0156485382068162,0.00113504051839275,0.012341755711836,-0.00211344434853748,0,0.00789335603474249,0.00370207403824948,0,-0.00322734717383869,0.003669692224383,0.00445282025851274,0.0153248092691677,-0.0260296866313945,0.00532321642677976,-0.0117508261083117,0.000948535460727103,-0.00817145666198891,-0.0108608121843775,-7.32477707701987e-05,0.00199807524151441,-0.00707542146177361,0.00176743997735564,0.0174192129405312,0.0122855239813356,0.00521038808152922
"s381_LTC_RR",0,0,0,-0.00698473999999999,-0.00510333547140059,0.00252627019468264,-0.0041634964009315,0.00583406687254757,0.00622398417198631,-0.00365102192718601,-0.00180121441603146,0.000643031810428545,-0.00393847605228372,0.000189452009506879,-0.000744062242884103,0.000199564858768729,0.00501866373055725,0.016741543579125,-0.00605459535309076,0.00132207720880851,-0.00312069913036249,0.0114243113986276,0.0218032335848434,-0.000648112859838994,0.0249593712453525,-0.042473721537795,0.00433064885157672,-0.00410578283667778,0.000993060135639453,-0.00274529779634838,0,-0.00324409534079541,-0.000505209721960984,-0.00180334634008438,0.00258199908498214,0.000324451597767573,0.00474254155067727,-0.00564800724154209,-0.00121790164751734,0.000345701597202596,-0.0014443242300002,0.000833344603039537,-0.00139728430382431,0.00111503515885373,-0.00522660557115932,-0.00265422142034652,0.000290307166457847,-0.00115676689055204,-0.000846190352075938,-0.00231881229924217,-0.000395939180916726,0,0.00385293301201069,-0.0052603013674213,-0.00404100283243413,-0.00123021360921956,0,0.00146348795706653,-0.00623795640629545,0.000529730219327236,0.000221087153320838,0.00163518811699645,0,0.00323284435220291,-0.00577976438336574,0.0225492173683875,0.0339586638526289,0.00283084584075657,0.00201496320979425,0.00630990905367441,0.0359834095562681,0.0161522142766661,-0.00551164446073446,-0.0017913359441159,0.000968635661731437,0,-0.00303376960005868,0.0100187541318135,-0.0110632644968979,0.00968827267537452,-0.00968102220079065,-0.000294247453402249,-0.00236214168831627,0.000495557647763414,0.00613725662855609,-0.00434698305316032,0.00331878436590806,0.0319230645689908,0.00666171445350327,-0.0440016764141807,0.000893922149310301,0.0120673621989427,-0.00411113818427708,0.00505977366972732,-0.000456415311880442,0,-0.000268298059327188,0.00838509999444556,0.00864021334451971,-0.00132389639891291,0.0120251637690393,0.00615174281222883,0.145614460069641,0.00759957685165441,-0.0130724693561475,-0.00136666056037082,0.0024381439323426,-0.0119646165019579,-0.00163031352881879,0,0.00128104831106066,0.0156170250536631,-0.0087828348297348,0.00140581777417186,-0.0114725260325059,-0.00201838423533698,-0.000127297901241245,-0.0211185813247477,0.00104430428659534,0.0138647787205582,0,0.00280913834827461,-0.0028693218423688,-0.00212818299811026,-0.00360660370331581,-0.00226422760868465,-0.00132896989798556,0.000899782766695237,-0.0129711355430737,-0.00141513267290393,-0.00392884553899792,0.00365569906510869,-0.00519527593873997,0.00385959256328748,-0.00221884681697265,-0.00634156780148792,-0.00583213101157099,-0.00367534665414378,0.00113532281563847,0.00148012447490092,-0.00312236044500567,-0.0016715546788449,0.00125046741110729,0.00382316242762757,-0.00805728782371991,-0.00407611117513068,0.00273880488666541,-0.000944258255085991,-0.00073409134065375,0.00129437435838103,-0.0102566705230529,-0.00953518045027081,0.00197259357689754,-0.021314249631826,-0.00437440556099207,0.010597403157438,-0.00964640974484051,0.00343694064546526,0.00230986344303675,-0.00361042139141073,0.00075603649489204,-0.00127292333487435,0.00159078952211943,0.0368995349672013,0.0121382681982547,-0.00435211097348464,0.0080479431974534,-0.00139948609957012,0.00100790340016253,0.00220006374299728,0.0257256186098662,-0.00473457003251091,0.00235577074933054,-0.00936119714571863,0.00208149454884577,-0.00164638002485423,0.019903867703319,-0.00473983267378177,0.00695732008209236,0.00203724016692856,0.0051809670868119,0.00254512695210041,-0.0106568955171549,0,-0.00991623663081271,-0.000359143104717621,-0.0026492656066616,0.00172527008355555,-0.00732165800094342,-0.00261878366495223,-0.00129627047593565,-0.00409680616704263,0.000758508041284702,0.00419861496903488,0.0104247541116359,-0.0196696049290186,0.000619623916305739,0.00138075733513833,-0.00328463591207325,-0.00326104263645261,0.00574627793669237,0.00307316279912283,-0.00270843367478902,-0.00349798889208318,-0.00262804289275699,-0.00131923536918549,-0.000973163130758157,-0.00278756240348894,0.000176926070691716,-0.00152779058982029,0.00900112700735658,0.0187140645811065,-0.00364688075969773,0.0181347248612093,0.00527701234988553,0.00618564961892155,-0.00923503133849222,-0.00375872569053422,0.000198120979766934,-0.0154676595513664,0.00938571075485485,0.00235294902595685,-0.0011521930291261,0.00513526608896427,-0.00549936024119292,0.000292460713306723,0,0.0011749282792707,-0.00181445017162369,-0.000586577538113794,0.00327796266093935,0.00393899192861835,-0.00247860429528949,0,-0.000455195045867533,-0.000801700049990997,0.00234492705064831,-0.0035740666436402,0.0016392209645435,0.0173202718368038,0.00241693248838654,-0.00228199983803651,0.00321420887310722,-0.0165054277545794,0.000654610000075568,0.00180441902473499,3.42977754568867e-05,-0.00137934265824471,0.000887074433297078,0.00132209498279787,0.00374587593516631,0.00666575880540121,0.000397854039991182,0.00700358282686582,0.000690479831020837,0.0237910919609319,-0.00861351505169242,0.0164292719875578,-0.0108711465848186,0.0115050559356382,0.0065970499602038,0.00340583074668734,0.0238547981644502,-0.00759776185465937,-0.0025023828894722,0.000551507806748927,0.00257641970189989,0.01755006561686,0.0152382458533593,-0.0139288279361183,9.80487100182942e-05,0.00755115640707929,-0.000856171499062049,-0.0105970750511558,0.00587793957785786,0.00757894321887107,0.0195621178066233,-0.00788275350149583,0.000183628437029846,0.00334416734491897,0.00960835162408851,-0.0321046233111775,0.00188525376056177,-0.00572601622469838,-0.00351240803531738,0.00103152910819729,-0.0131288724831738,-8.37365182053359e-05,-0.000665948634907822,-0.00372463660565469,-0.00141450278518726,0.00422153015742695,0.000839315892338728,0.0104159881086364
"s381_ETC_RR",0,0,0,0,0,0,0,0,0,0,0,0,0,0,0,0,0,0,0,0,0,0,0,0,0,0,0,0,0,0,0,0,-0.0621746125,-0.00425720241018757,-0.00942223735697869,-0.00158571184750308,-0.000101944390908765,-0.0125884772668364,-0.00110597383903794,0.000316466296383294,0.00179922082056244,-0.00348983343022912,0.00112154031954386,-0.00672775145414489,-0.00266958313414096,0.00035618160098475,-0.00365352393194897,-0.00394453658839846,-0.000248065728828458,0.00216918212709672,0.0313941970895938,0.000250305930896954,0.0236727195613676,0.00716237361973436,-0.0161186974618351,-0.00123261685256166,0,0.00112082723257254,-0.00545786911285919,-0.00201574756364877,-0.000542249657842169,0.00236253969801817,-0.00267585869426168,0.0189210188499145,0.00491388899540416,0.0240346766863747,-0.00384645945973291,-0.000567945450789326,-0.0147271591423805,0.0478187973931119,0.0279912437525474,-0.012002415807782,0.000866776554246127,0.0327123274779907,-0.0007975162538362,0.00737207111373581,-0.00215201777570126,0.0121592646434131,-0.0072848243951057,-0.000297773686471719,-8.85497393646536e-05,-0.0118343516412193,-0.00357336050702354,0.00142257291748555,-0.000524023311723488,-0.0064083934362213,0.00220149332315564,0.00783935774696512,0.00621809588288292,-0.04499772921956,-0.000598262479854754,0.0208703644605203,-0.00686623753555481,-0.000674712178795301,-0.00114337416575237,0,-0.00128567768233568,0.0122029643242802,0.0124436398705674,0.00442784623885819,0.0297821566843213,-0.00770534604157068,0,0.0128015955714176,-0.0185870006671599,0.00810819556678182,-0.00271692725758037,-0.00652807996441412,-0.000726797767643362,-0.0103507779679003,-0.00407947997350192,0.0182210219847478,-0.00494567690711856,0.00551145991549561,-0.0236485488317085,-0.00536061304660566,0.0021428269508857,-0.0173432514245446,-0.00249245955409599,0.00538703573843164,0.0100860013658136,0.00951250412905473,0.00538860106105166,-0.0140030320801791,-0.00477478016712893,-0.0020962806014295,-0.00105047571353576,-0.000251047418580267,0,0.00831070521410327,-0.0146326501839788,0.00576886349130849,-0.00420489112782943,0.00210949634596577,-0.00303805843804902,0.0050998415971417,0.000147166809975093,-0.0117803521856093,-0.00344470766994976,0.000836746663570732,-0.00462548019767536,-0.00230113964292837,3.2149884002462e-05,0.0007697648142518,-0.000805048395524466,-0.00574344045107387,-0.00328912072176797,-0.000292456087214048,-0.00581239502396548,0.00141108350481061,-0.0114149644887895,-0.0111126030832597,-0.00211501096272322,-0.00728878214667823,0.00349325487384376,0.0244280309587709,-5.57442276768427e-05,0.00594707376250672,-0.00946147894488939,-0.000842159706536295,-0.00123312261993388,-0.00283204177509746,-0.000966715405620101,0.00213442377924288,0.00617114981606499,-0.00421331855621976,0.00105761393494062,-0.00138698667695185,0.00256103922600891,-0.000767909934986747,0.00802956985303265,0.0110948997929903,0.000824120930523552,0.00737024562605372,0.00321906760925985,-0.00421152857567097,0,-0.00527711470996996,0.00459967679382831,-0.00129820467717851,0.0107009947437644,-0.000258182946855572,-0.00682938895488853,0.000408429825220522,-0.0103460296237035,-0.00155921968941175,-0.000180740302734055,-0.00141633978882253,0.000426253758835167,-0.00104986913188943,0.00915165718374356,-0.0268221384009289,0.00602747733067173,-0.00829271089826273,2.73227375734489e-05,-0.0172389584101675,-0.00068509084368855,0,-0.0048541239245439,-0.00180867943328108,0.0041910235604386,0.00540442036906636,-0.00623337270569097,-0.00299220269650816,-0.00200257850972922,-0.00118445812082012,3.2855947974128e-05,-0.000794800590675454,0.00602930603108591,-0.00518968177799464,0.015153103383764,0.0407546586927045,1.85718789234681e-05,0.0336650653266031,-0.00129167696379245,-0.000467619796666344,-0.0175307889074919,-0.00446192865163006,0.00200086810163486,-0.0811142149984842,0.0105965948898211,0.000457665528989343,0,0.00497884990937084,-0.00489959178668364,0.000639964718675778,0,0.00650924905753743,-0.0119310265082895,0.000544126360689321,0.0082026322255903,0.00163631667362164,-0.00174205204827553,0,-0.000213908911063786,-0.00217158466531667,0.00522395381461729,-0.00641879116618352,0.00161556792835906,0.00919109594676367,-0.00259336832724739,0.000993045428791348,0.000102797018185947,-0.00275415088169183,-0.00283836371242348,0.00200919903733158,0.00150946978564494,-0.00475975318728971,-0.000510878927263063,-0.0014875781584744,-0.00109151392559356,-0.00278096941865781,-0.00614129375812213,-0.00143467699620965,-0.000444400586761979,0.0115767955347696,0.00226595891880016,0.00421067351437461,-0.00693915407672671,0.0029694207311304,-0.0090243807877813,0.000194925070283945,0.0180086825073327,0.0064218027072582,-0.00740627422918293,0.0067202440372123,-7.80746342040828e-05,0.034815207384144,0.0182244438830591,-0.0180539743833165,-0.00026624473912821,0.00744018371168923,-0.000857607194819398,-0.00692980412779599,0.00946573317728043,0.0241801584733892,0.034242182146262,0.0113032277871827,0.00248511983022374,0.0194884517648545,0.0225415072513238,-0.0246919608090231,0.00905036901018123,-0.0105653991415929,-0.00516906837509338,-0.000685325019049494,-0.0150152994871632,-0.000116245342620786,0.00359822624218159,-0.00944171146165601,-2.20510327879072e-05,0.00330496906521845,0.00411708061922634,0.00971673556404991
"s381_ZEC_RR",0,0,0,0,0,0,0,0,0,0,0,0,0,0,0,0,0,0,0,0,0,0,0,0,0,0,0,0,0,0,0,0,0,0,0,0,0,0,0,0,0,0,0,0,0,0,-0.0182758425000001,0.00178296519101402,-0.0103119853268189,-0.00608032423437023,-0.0064895199179985,0,0.000987760092093018,-0.00358619411398363,-0.00981609158856114,0.000489949276426803,-0.0114238882054765,4.56227061214198e-05,-0.0110582525239221,-0.000331372421484332,-0.00582581590035958,0.00778933577531982,-0.00724546199023043,0.0100699494188522,0.0235648049656029,-0.00804442916095635,0,0.002643253753604,0.00503175693096159,0.0146354470815547,0.0142751575318054,-0.00562544008265781,4.70800304261355e-05,0.0295466910139559,0.00970505854705116,0.0152428764934005,0.0262512773131475,-0.00362033783145507,0,-0.00312995780246953,-0.00550959610900493,0.0025159055833518,-0.00400475906147784,0.000298730188180051,0.0144848732025286,-0.00674519987798465,0.00230726914847151,0.0175179177644464,-0.00916001223760752,-0.00885340326790038,0.00268570591934216,0.0507931823843263,-0.0121462010602649,-0.0020341593105865,0.00031315822028582,0.000651236837356127,-0.00222079707562712,0.00596313721709646,0.00809321078704018,0.00263814527757277,-0.0018099505489507,0.0010422870326644,0.0543144028578993,0.0194898323942287,-0.0181058959696212,0.00483030383676888,0.0114181813411623,-0.0181040887260131,-0.000461881679604241,0,0.00229452789503377,0.00296795985385082,-0.0122979119256427,0.000164357179204778,0.0103029474934293,-0.00715150229312639,0.000773399153906599,-0.0177698640662004,-0.000840144303689163,0.00554444458789369,0.0160541897204638,0.00932591199490922,0.00112961580971258,-0.00387251102197356,0.00650089718035207,-0.00948729947937622,-0.00636644197513943,-0.00051915342286913,0,-0.00151654613891656,-0.00320717485248414,0.00390944176261142,-0.00778771705921193,0.0097285462491853,0.00685360422104203,-0.0115899728388811,-0.00218341889996628,-0.00597738752031467,-0.00193341191605898,0.00420110404227506,-0.00908842248048533,-0.00308509733566617,0.000315911354228848,0.00629785107709776,-0.0138948657871265,-0.00394944229355858,0.00671115936222561,0.00291110098560133,-0.00597391343769072,0.00563064841482136,-0.0120964814309096,-0.0103183570930766,0.00411102669161454,-0.0340120872853819,-0.00383695917518959,0.00710138889446902,-0.0104808572154181,0.00119325443434618,-0.00541182504112698,-0.000769256456051198,-0.000383382244984759,-0.00303067182941165,-0.00174869732400124,0.00306802780881182,0.00212722217372535,-0.0024712660077326,-0.00080688292124229,-0.00187013882679178,0.00596988142663602,0.00105065430439614,0.0114146484054464,0.00276433910227724,0.000545487209210813,-0.00931909161662693,0.000310121047866153,-0.00573133865933741,0,-0.00299322311056275,0.00486737587476168,-0.00250271322644212,0.00275274900057955,0.0166092755327717,-0.0026290030867767,-0.00381535610061045,-0.00900727681236803,-0.00183571354712842,-0.00385528972212811,-0.00108552353880389,-0.00129707375150302,-0.00320814116465909,-0.000127976130679628,-0.00354450275287931,-0.000175485282026624,6.68850823029364e-05,0.00367438235350579,-0.0223633392136718,0.00205031602901451,0.000406296344244061,-0.00271071174489233,-0.00285629080694294,0.00436515713767222,0.0012524048052374,-0.00401494056516421,-0.00339301470250185,-0.003034254522597,0.00160314142383571,0.00159820951696034,-0.0158110783576972,-0.00116481687236683,-0.000426730279914659,0.00933542525671908,0.0423803832938804,-0.00187892266193106,0.0249591747224283,0.00339705645532767,0.00152639649891972,-0.0104441774341824,-0.00445800370999949,-0.000769204608079922,-0.0152881113976612,0.00755342383745262,0.000815005980357033,-0.000818085087614118,0.00858077590392958,-0.00340037043726603,0.00475164921390099,8.70165028351154e-05,-0.00114808351336864,-0.000691223141815288,0.00332116786227785,0.00252979217899918,-0.00482448519739746,0.0016065762810722,0.00414846094973368,0.00586159643160442,-0.00873492127773536,0.00323633177364479,0.00232151150100064,0.00702208595928163,0.00714919913718704,0.0242292249423375,-0.00683280855336994,-0.00336255076218434,-0.00270090152347043,-0.00720783875504935,0.00592540421566203,-0.00347852496446463,-0.00133565031867812,0.00561689495352296,-0.00316915957323657,0.00160353941872554,-0.00304145778281618,0,-0.000167921841312938,0.00268107263520263,-0.000796545082122173,0.00827196199851454,0.00495417094529647,-0.00877932889805019,0.00407646114530235,-0.0111257959394432,0.00077013006631826,0.00357500731352997,0,-0.0197879894238583,0.00103275776212197,0.000966186002767419,0.0383600505305316,0.0122813568278001,-0.0180198603414819,9.79062266006325e-05,0.0161558301183538,-0.00428631688989704,0,0.0112721034922,0.00755311051184064,0.0271289386178218,-0.00381011194245211,0.000513272430780077,0.0037525836903717,0.0118700000558114,-0.0383991766651697,0.00199058430833263,0.00237420101111657,-0.0293841362867049,0.00221388286113631,-0.0139720026922054,-0.000101917994997845,-0.00110684686097896,-0.00658166785619894,-0.000933168444324691,0.00253529020183722,0.00673010086194848,0.00822990558776059
